trade_date,pick_rank,ticker,pred_proba,risk_norm,rank_daily,pred_rank,effective_threshold,score,weight,allocation_idr,entry_price,exit_price,trade_gross_return,trade_net_return,weighted_gross_return,weighted_net_return,policy_mode,exit_date,exit_cutoff_close,exit_hour_used,exit_price_match_cutoff,capital_reference_idr,pnl_gross_idr,pnl_net_idr,day_gross_return,day_net_return,day_pnl_gross_idr,day_pnl_net_idr,cum_pnl_net_idr
2025-11-13,1,ARTA,0.5244960305648959,0.4973959579210481,1.0,1,0.4957572456769829,0.014444229449102565,0.34,3400000.0000000005,2820.0,3260.0,0.15602836879432624,0.15202836879432624,0.053049645390070926,0.051689645390070926,threshold,,,,False,10000000.0,530496.4539007093,516896.4539007093,0.05863817268150002,0.05463838858357818,586381.7268150002,546383.8858357818,546383.8858357818
2025-11-13,2,BSIM,0.519300776558661,0.4973959579210481,3.0,3,0.4957572456769829,0.011833073785942044,0.34,3400000.0000000005,860.0,880.0,0.023255813953488372,0.01925581395348837,0.007906976744186047,0.0065469767441860465,threshold,,,,False,10000000.0,79069.76744186047,65469.767441860466,0.05863817268150002,0.05463838858357818,586381.7268150002,546383.8858357818,546383.8858357818
2025-11-13,3,EURO,0.5200868812104921,0.594248334295467,2.0,2,0.4957572456769829,0.00987179014370553,0.3199460244804598,3199460.244804598,276.0,274.0,-0.007246376811594203,-0.011246376811594204,-0.002318449452756955,-0.0035982335506787944,threshold,,,,False,10000000.0,-23184.49452756955,-35982.335506787946,0.05863817268150002,0.05463838858357818,586381.7268150002,546383.8858357818,546383.8858357818
2025-11-14,1,BBSS,0.5287703726163621,0.2387190189419477,1.0,1,0.5006368783302984,0.02141749413068569,0.34,3400000.0000000005,348.0,360.0,0.034482758620689655,0.030482758620689655,0.011724137931034483,0.010364137931034483,threshold,,,,False,10000000.0,117241.37931034483,103641.37931034483,0.03704159824849479,0.03304159824849479,370415.98248494795,330415.98248494795,876799.8683207298
2025-11-14,2,KMTR,0.5249631625335492,0.2970597531116947,2.0,2,0.5006368783302984,0.017099924223708263,0.34,3400000.0000000005,272.0,276.0,0.014705882352941176,0.010705882352941176,0.005,0.00364,threshold,,,,False,10000000.0,50000.0,36400.0,0.03704159824849479,0.03304159824849479,370415.98248494795,330415.98248494795,876799.8683207298
2025-11-14,3,SAFE,0.5208410388703872,0.46775882199921676,3.0,3,0.5006368783302984,0.01075348620637385,0.3199999999999999,3199999.999999999,252.0,268.0,0.06349206349206349,0.059492063492063485,0.02031746031746031,0.01903746031746031,threshold,,,,False,10000000.0,203174.6031746031,190374.6031746031,0.03704159824849479,0.03304159824849479,370415.98248494795,330415.98248494795,876799.8683207298
2025-11-17,1,IPOL,0.5231594233355309,0.3984963790917598,1.0,1,0.4969874279783194,0.015742549973756362,0.34,3400000.0000000005,123.0,124.0,0.008130081300813009,0.004130081300813009,0.002764227642276423,0.001404227642276423,threshold,,,,False,10000000.0,27642.276422764233,14042.276422764231,0.12397634885439757,0.11997634885439758,1239763.4885439756,1199763.4885439756,2076563.3568647054
2025-11-17,2,LPCK,0.5221743519555401,0.4973959579210481,2.0,2,0.4969874279783194,0.012659049798486378,0.34,3400000.0000000005,575.0,575.0,0.0,-0.004,0.0,-0.00136,threshold,,,,False,10000000.0,0.0,-13600.000000000002,0.12397634885439757,0.11997634885439758,1239763.4885439756,1199763.4885439756,2076563.3568647054
2025-11-17,3,PPGL,0.5113800137840049,0.6992479132518188,3.0,3,0.4969874279783194,0.00432860021476216,0.31999999999999984,3199999.9999999986,132.0,182.0,0.3787878787878788,0.3747878787878788,0.12121212121212115,0.11993212121212116,threshold,,,,False,10000000.0,1212121.2121212115,1199321.2121212115,0.12397634885439757,0.11997634885439758,1239763.4885439756,1199763.4885439756,2076563.3568647054
2025-11-18,1,CSAP,0.5106945590993305,0.4973959579210481,1.0,1,0.4803277925086735,0.01526245963333226,0.34,3400000.0000000005,326.0,326.0,0.0,-0.004,0.0,-0.00136,threshold,,,,False,10000000.0,0.0,-13600.000000000002,0.00635784316700426,0.002358011848081081,63578.431670042606,23580.11848081081,2100143.475345516
2025-11-18,2,HELI,0.5051886174776464,0.4973959579210481,2.0,2,0.4803277925086735,0.012495151118823117,0.34,3400000.0000000005,244.0,246.0,0.00819672131147541,0.00419672131147541,0.0027868852459016396,0.0014268852459016395,threshold,,,,False,10000000.0,27868.852459016394,14268.852459016394,0.00635784316700426,0.002358011848081081,63578.431670042606,23580.11848081081,2100143.475345516
2025-11-18,3,EDGE,0.5015965747996771,0.4973959579210481,3.0,3,0.4803277925086735,0.01068977594955564,0.31995782973079484,3199578.2973079486,4480.0,4530.0,0.011160714285714286,0.007160714285714286,0.003570957921102621,0.002291126602179442,threshold,,,,False,10000000.0,35709.57921102621,22911.266021794418,0.00635784316700426,0.002358011848081081,63578.431670042606,23580.11848081081,2100143.475345516
2025-11-19,1,AGRS,0.5180153239591923,0.4065534249694012,2.0,2,0.4985374500690394,0.01155907754898915,0.34,3400000.0000000005,70.0,81.0,0.15714285714285714,0.15314285714285714,0.05342857142857143,0.05206857142857143,threshold,,,,False,10000000.0,534285.7142857143,520685.7142857143,0.018817226890756315,0.014817226890756319,188172.26890756312,148172.26890756318,2248315.7442530794
2025-11-19,2,KAEF,0.5193874502482886,0.44884201611454444,1.0,1,0.4985374500690394,0.01149164406280638,0.34,3400000.0000000005,560.0,565.0,0.008928571428571428,0.004928571428571428,0.0030357142857142857,0.0016757142857142856,threshold,,,,False,10000000.0,30357.142857142855,16757.142857142855,0.018817226890756315,0.014817226890756319,188172.26890756312,148172.26890756318,2248315.7442530794
2025-11-19,3,LPPS,0.5162199246482461,0.4672076563392861,3.0,3,0.4985374500690394,0.009421087072776524,0.3199999999999999,3199999.999999999,136.0,120.0,-0.11764705882352941,-0.12164705882352941,-0.0376470588235294,-0.0389270588235294,threshold,,,,False,10000000.0,-376470.58823529404,-389270.588235294,0.018817226890756315,0.014817226890756319,188172.26890756312,148172.26890756318,2248315.7442530794
2025-11-20,1,GSMF,0.5199634391880356,0.3012824735900205,2.0,2,0.501160833161584,0.013137710372863608,0.34,3400000.0000000005,105.0,116.0,0.10476190476190476,0.10076190476190476,0.03561904761904762,0.03425904761904762,threshold,,,,False,10000000.0,356190.4761904762,342590.4761904762,0.01620809507514313,0.012208095075143128,162080.95075143132,122080.9507514313,2370396.6950045107
2025-11-20,2,GLVA,0.5232793752408131,0.481795682910131,1.0,1,0.501160833161584,0.01146192399319047,0.3385644403386395,3385644.4033863954,426.0,412.0,-0.03286384976525822,-0.03686384976525822,-0.01112653090314778,-0.012480788664502338,threshold,,,,False,10000000.0,-111265.3090314778,-124807.88664502338,0.01620809507514313,0.012208095075143128,162080.95075143132,122080.9507514313,2370396.6950045107
2025-11-20,3,UFOE,0.5166356957579185,0.2967928128188782,3.0,3,0.501160833161584,0.010882034598382708,0.3214355596613604,3214355.596613604,194.0,189.0,-0.02577319587628866,-0.02977319587628866,-0.00828442164075671,-0.009570163879402153,threshold,,,,False,10000000.0,-82844.2164075671,-95701.63879402154,0.01620809507514313,0.012208095075143128,162080.95075143132,122080.9507514313,2370396.6950045107
2025-11-21,1,IFSH,0.5329233932641352,0.4973959579210481,1.0,1,0.5056621327598839,0.013701619721603971,0.34,3400000.0000000005,785.0,810.0,0.03184713375796178,0.027847133757961783,0.010828025477707007,0.009468025477707007,threshold,,,,False,10000000.0,108280.25477707008,94680.25477707008,0.0043188781024286,0.00031937807267883966,43188.781024286014,3193.7807267883945,2373590.4757312993
2025-11-21,2,MITI,0.5285835596416434,0.527144892375764,2.0,2,0.5056621327598839,0.010838513775075428,0.34,3400000.0000000005,292.0,284.0,-0.0273972602739726,-0.031397260273972605,-0.009315068493150684,-0.010675068493150686,threshold,,,,False,10000000.0,-93150.68493150684,-106750.68493150687,0.0043188781024286,0.00031937807267883966,43188.781024286014,3193.7807267883945,2373590.4757312993
2025-11-21,3,IFII,0.5257540700699486,0.6085057892873703,3.0,3,0.5056621327598839,0.007865877138891393,0.31987500743743963,3198750.0743743964,228.0,230.0,0.008771929824561403,0.004771929824561403,0.0028059211178722773,0.0015264210881225186,threshold,,,,False,10000000.0,28059.211178722773,15264.210881225186,0.0043188781024286,0.00031937807267883966,43188.781024286014,3193.7807267883945,2373590.4757312993
2025-11-24,1,PGLI,0.5299063760326147,0.286399912814597,1.0,1,0.5047295539503942,0.017966182432923927,0.34,3400000.0000000005,356.0,404.0,0.1348314606741573,0.1308314606741573,0.04584269662921348,0.04448269662921348,threshold,,,,False,10000000.0,458426.96629213484,444826.96629213484,0.047691131682024636,0.04369113168202464,476911.3168202464,436911.3168202464,2810501.7925515454
2025-11-24,2,PDPP,0.5278059963669082,0.4824777471386942,2.0,2,0.5047295539503942,0.011942572467418503,0.33779087233552313,3377908.7233552313,374.0,370.0,-0.0106951871657754,-0.0146951871657754,-0.0036127366025189636,-0.004963900091861056,threshold,,,,False,10000000.0,-36127.366025189636,-49639.00091861056,0.047691131682024636,0.04369113168202464,476911.3168202464,436911.3168202464,2810501.7925515454
2025-11-24,3,AGAR,0.5273948730282436,0.4973959579210481,3.0,3,0.5047295539503942,0.011391680983536297,0.32220912766447696,3222091.2766447696,236.0,240.0,0.01694915254237288,0.012949152542372881,0.005461171655330118,0.00417233514467221,threshold,,,,False,10000000.0,54611.71655330118,41723.3514467221,0.047691131682024636,0.04369113168202464,476911.3168202464,436911.3168202464,2810501.7925515454
2025-11-25,1,CBUT,0.5162331209555052,0.28068300987931927,1.0,1,0.48125645180903914,0.025159312374882857,0.34,3400000.0000000005,1445.0,1580.0,0.09342560553633218,0.08942560553633218,0.031764705882352945,0.03040470588235294,threshold,,,,False,10000000.0,317647.05882352946,304047.0588235294,0.07903208705978462,0.07503344015041956,790320.8705978462,750334.4015041956,3560836.194055741
2025-11-25,2,LION,0.5098940286266587,0.39871645465628863,2.0,2,0.48125645180903914,0.017219303718951147,0.34,3400000.0000000005,424.0,450.0,0.06132075471698113,0.05732075471698113,0.020849056603773588,0.019489056603773584,threshold,,,,False,10000000.0,208490.56603773587,194890.56603773584,0.07903208705978462,0.07503344015041956,790320.8705978462,750334.4015041956,3560836.194055741
2025-11-25,3,TFAS,0.49913109301589464,0.4973959579210481,3.0,3,0.48125645180903914,0.00898386692127657,0.31966172734126286,3196617.2734126286,242.0,262.0,0.08264462809917356,0.07864462809917355,0.02641832457365809,0.025139677664293036,threshold,,,,False,10000000.0,264183.2457365809,251396.77664293037,0.07903208705978462,0.07503344015041956,790320.8705978462,750334.4015041956,3560836.194055741
2025-11-26,1,RANC,0.5111083326373171,0.13654654932494828,1.0,1,0.47724515966732123,0.02923927355174911,0.34,3400000.0000000005,925.0,885.0,-0.043243243243243246,-0.04724324324324325,-0.014702702702702705,-0.016062702702702707,threshold,,,,False,10000000.0,-147027.02702702704,-160627.02702702707,-0.012381473122315106,-0.01638147312231511,-123814.73122315106,-163814.7312231511,3397021.46283259
2025-11-26,2,BMSR,0.5071798280009598,0.4973959579210481,3.0,3,0.47724515966732123,0.015045285302779573,0.3365782891562017,3365782.891562017,290.0,292.0,0.006896551724137931,0.002896551724137931,0.002321229580387598,0.0009749164237627911,threshold,,,,False,10000000.0,23212.29580387598,9749.16423762791,-0.012381473122315106,-0.01638147312231511,-123814.73122315106,-163814.7312231511,3397021.46283259
2025-11-26,3,HELI,0.5086804084441244,0.5400966240633638,2.0,2,0.47724515966732123,0.014457177035859808,0.3234217108437982,3234217.1084379824,232.0,232.0,0.0,-0.004,0.0,-0.0012936868433751929,threshold,,,,False,10000000.0,0.0,-12936.868433751928,-0.012381473122315106,-0.01638147312231511,-123814.73122315106,-163814.7312231511,3397021.46283259
2025-11-27,1,BBSS,0.5065598973265651,0.40666250928444114,1.0,1,0.4815689771871338,0.014828049846203109,0.34,3400000.0000000005,364.0,386.0,0.06043956043956044,0.05643956043956044,0.02054945054945055,0.01918945054945055,threshold,,,,False,10000000.0,205494.50549450552,191894.50549450552,0.04814304306684515,0.044143043066845154,481430.43066845153,441430.43066845153,3838451.8935010415
2025-11-27,2,SMMA,0.5031704263998309,0.5297635966842827,3.0,3,0.4815689771871338,0.010157787784185806,0.33919303554268077,3391930.3554268074,12600.0,12975.0,0.02976190476190476,0.02576190476190476,0.010095030819722642,0.008738258677551918,threshold,,,,False,10000000.0,100950.30819722642,87382.58677551917,0.04814304306684515,0.044143043066845154,481430.43066845153,441430.43066845153,3838451.8935010415
2025-11-27,3,BCAP,0.5043347876626242,0.5779995824945441,2.0,2,0.4815689771871338,0.009607181525507017,0.32080696445731927,3208069.6445731926,55.0,58.0,0.05454545454545454,0.050545454545454546,0.017498561697671958,0.016215333839842683,threshold,,,,False,10000000.0,174985.61697671958,162153.33839842683,0.04814304306684515,0.044143043066845154,481430.43066845153,441430.43066845153,3838451.8935010415
2025-11-28,1,PTSP,0.5169470696635051,0.4973959579210481,1.0,1,0.4792977125576352,0.018922719063084133,0.34,3400000.0000000005,1040.0,1030.0,-0.009615384615384616,-0.013615384615384616,-0.0032692307692307695,-0.00462923076923077,threshold,,,,False,10000000.0,-32692.307692307695,-46292.3076923077,-0.013247921789017673,-0.017247921789017677,-132479.21789017675,-172479.21789017678,3665972.6756108645
2025-11-28,2,KDSI,0.5098356179771831,0.4973959579210481,2.0,2,0.4792977125576352,0.015348474700489521,0.34,3400000.0000000005,450.0,460.0,0.022222222222222223,0.018222222222222223,0.007555555555555557,0.006195555555555557,threshold,,,,False,10000000.0,75555.55555555556,61955.55555555557,-0.013247921789017673,-0.017247921789017677,-132479.21789017675,-172479.21789017678,3665972.6756108645
2025-11-28,3,VICI,0.5000309103563644,0.5752760223361683,3.0,3,0.4792977125576352,0.008805886238767255,0.31999999999999995,3199999.9999999995,730.0,690.0,-0.0547945205479452,-0.058794520547945206,-0.01753424657534246,-0.018814246575342464,threshold,,,,False,10000000.0,-175342.46575342462,-188142.46575342465,-0.013247921789017673,-0.017247921789017677,-132479.21789017675,-172479.21789017678,3665972.6756108645
2025-12-01,1,SMDM,0.5101906456617448,0.3611679958935419,1.0,1,0.48208111445778074,0.017957268153521364,0.34,3400000.0000000005,830.0,860.0,0.03614457831325301,0.032144578313253014,0.012289156626506025,0.010929156626506025,threshold,,,,False,10000000.0,122891.56626506025,109291.56626506025,0.024816068707405423,0.020816914835201435,248160.68707405424,208169.14835201434,3874141.823962879
2025-12-01,2,LRNA,0.507754067120961,0.5943365862016476,2.0,2,0.48208111445778074,0.010414577619629228,0.34,3400000.0000000005,174.0,179.0,0.028735632183908046,0.024735632183908045,0.009770114942528735,0.008410114942528735,threshold,,,,False,10000000.0,97701.14942528735,84101.14942528735,0.024816068707405423,0.020816914835201435,248160.68707405424,208169.14835201434,3874141.823962879
2025-12-01,3,KJEN,0.5036057519447686,0.6969227986581507,3.0,3,0.48208111445778074,0.006523626889454152,0.31978846805099687,3197884.6805099687,232.0,234.0,0.008620689655172414,0.004620689655172414,0.0027567971383706627,0.0014776432661666751,threshold,,,,False,10000000.0,27567.971383706627,14776.432661666751,0.024816068707405423,0.020816914835201435,248160.68707405424,208169.14835201434,3874141.823962879
2025-12-02,1,KEJU,0.5048021059361744,0.40459259580056284,1.0,1,0.4743795857657947,0.018113793763850774,0.34,3400000.0000000005,675.0,625.0,-0.07407407407407407,-0.07807407407407407,-0.025185185185185185,-0.026545185185185186,threshold,,,,False,10000000.0,-251851.85185185185,-265451.85185185185,-0.00878125059141922,-0.01278125059141922,-87812.50591419218,-127812.50591419218,3746329.3180486867
2025-12-02,2,RIGS,0.5023657023786576,0.3850144118062637,3.0,3,0.4743795857657947,0.017211058386420005,0.34,3400000.0000000005,760.0,755.0,-0.006578947368421052,-0.010578947368421052,-0.0022368421052631577,-0.0035968421052631583,threshold,,,,False,10000000.0,-22368.421052631576,-35968.42105263158,-0.00878125059141922,-0.01278125059141922,-87812.50591419218,-127812.50591419218,3746329.3180486867
2025-12-02,3,JAST,0.5033753756818858,0.526873646499497,2.0,2,0.4743795857657947,0.013718672349866859,0.31999999999999995,3199999.9999999995,103.0,109.0,0.05825242718446602,0.05425242718446602,0.018640776699029124,0.017360776699029124,threshold,,,,False,10000000.0,186407.76699029125,173607.76699029125,-0.00878125059141922,-0.01278125059141922,-87812.50591419218,-127812.50591419218,3746329.3180486867
2025-12-03,1,MAXI,0.5073454133182529,0.40011361608303925,2.0,2,0.4783549538550426,0.017390981895476446,0.34,3400000.0000000005,52.0,54.0,0.038461538461538464,0.03446153846153846,0.013076923076923078,0.011716923076923078,threshold,,,,False,10000000.0,130769.23076923078,117169.23076923078,0.06960252914019009,0.06560270072467808,696025.2914019008,656027.0072467807,4402356.325295467
2025-12-03,2,IPOL,0.5145389446939059,0.563748241584655,1.0,1,0.4783549538550426,0.015785329629938855,0.34,3400000.0000000005,118.0,139.0,0.17796610169491525,0.17396610169491525,0.06050847457627119,0.05914847457627119,threshold,,,,False,10000000.0,605084.7457627119,591484.7457627119,0.06960252914019009,0.06560270072467808,696025.2914019008,656027.0072467807,4402356.325295467
2025-12-03,3,HERO,0.5051821223893966,0.4973959579210481,3.0,3,0.4783549538550426,0.013483443342899602,0.3199571038780023,3199571.038780023,482.0,476.0,-0.012448132780082987,-0.01644813278008299,-0.003982868513004178,-0.005262696928516187,threshold,,,,False,10000000.0,-39828.68513004178,-52626.969285161875,0.06960252914019009,0.06560270072467808,696025.2914019008,656027.0072467807,4402356.325295467
2025-12-04,1,ALKA,0.5136027716246528,0.26718746240659885,2.0,2,0.48046853925784216,0.02428118090193194,0.34,3400000.0000000005,350.0,358.0,0.022857142857142857,0.018857142857142857,0.007771428571428572,0.006411428571428572,threshold,,,,False,10000000.0,77714.28571428572,64114.285714285725,-0.020680011977336592,-0.02467955086342666,-206800.11977336585,-246795.50863426662,4155560.8166612005
2025-12-04,2,EURO,0.5142263323047704,0.44361892383902385,1.0,1,0.48046853925784216,0.018782197224269475,0.34,3400000.0000000005,276.0,290.0,0.050724637681159424,0.04672463768115942,0.017246376811594206,0.015886376811594202,threshold,,,,False,10000000.0,172463.76811594205,158863.76811594202,-0.020680011977336592,-0.02467955086342666,-206800.11977336585,-246795.50863426662,4155560.8166612005
2025-12-04,3,CTBN,0.5080804440614711,0.4973959579210481,3.0,3,0.48046853925784216,0.013877854963803145,0.3198847215225156,3198847.2152251564,6825.0,5850.0,-0.14285714285714285,-0.14685714285714285,-0.04569781736035937,-0.046977356246449435,threshold,,,,False,10000000.0,-456978.17360359366,-469773.5624644944,-0.020680011977336592,-0.02467955086342666,-206800.11977336585,-246795.50863426662,4155560.8166612005
2025-12-05,1,BUKK,0.5021086559689187,0.4008257906684377,2.0,2,0.4803477342133234,0.013038583087234839,0.34,3400000.0000000005,2100.0,1900.0,-0.09523809523809523,-0.09923809523809524,-0.03238095238095238,-0.033740952380952385,threshold,,,,False,10000000.0,-323809.5238095238,-337409.52380952385,0.02289030267977638,0.018890302679776365,228903.02679776377,188903.02679776365,4344463.8434589645
2025-12-05,2,YOII,0.503646750141166,0.4665659636047327,1.0,1,0.4803477342133234,0.01242848811042671,0.34,3400000.0000000005,95.0,96.0,0.010526315789473684,0.006526315789473684,0.0035789473684210526,0.0022189473684210525,threshold,,,,False,10000000.0,35789.47368421053,22189.473684210527,0.02289030267977638,0.018890302679776365,228903.02679776377,188903.02679776365,4344463.8434589645
2025-12-05,3,MUTU,0.4969500051945077,0.49360056369297517,3.0,3,0.4803477342133234,0.00840738066628822,0.32000000000000006,3200000.0000000005,130.0,151.0,0.16153846153846155,0.15753846153846154,0.051692307692307704,0.0504123076923077,threshold,,,,False,10000000.0,516923.07692307705,504123.076923077,0.02289030267977638,0.018890302679776365,228903.02679776377,188903.02679776365,4344463.8434589645
2025-12-08,1,SMMT,0.5047081546394825,0.45489473292776,1.0,1,0.4775595710943238,0.014798835884016755,0.34,3400000.0000000005,1430.0,1420.0,-0.006993006993006993,-0.010993006993006992,-0.0023776223776223776,-0.0037376223776223777,threshold,,,,False,10000000.0,-23776.223776223775,-37376.22377622378,-0.0034132210831239957,-0.007413221083123996,-34132.21083123996,-74132.21083123997,4270331.632627725
2025-12-08,2,BNBA,0.5015597956893993,0.4973959579210481,2.0,2,0.4775595710943238,0.012062609892287654,0.34,3400000.0000000005,645.0,645.0,0.0,-0.004,0.0,-0.00136,threshold,,,,False,10000000.0,0.0,-13600.000000000002,-0.0034132210831239957,-0.007413221083123996,-34132.21083123996,-74132.21083123997,4270331.632627725
2025-12-08,3,MAPB,0.49247084018028603,0.4973959579210481,3.0,3,0.4775595710943238,0.007494464115131542,0.32,3200000.0,1545.0,1540.0,-0.003236245954692557,-0.0072362459546925564,-0.0010355987055016183,-0.002315598705501618,threshold,,,,False,10000000.0,-10355.987055016183,-23155.98705501618,-0.0034132210831239957,-0.007413221083123996,-34132.21083123996,-74132.21083123997,4270331.632627725
2025-12-09,1,LINK,0.5019834519884396,0.3424880736936588,1.0,1,0.4781647313272327,0.015661092904102822,0.34,3400000.0000000005,4400.0,4380.0,-0.004545454545454545,-0.008545454545454545,-0.0015454545454545454,-0.0029054545454545457,threshold,,,,False,10000000.0,-15454.545454545454,-29054.545454545456,0.014740503927239112,0.0107408917184955,147405.03927239115,107408.917184955,4377740.54981268
2025-12-09,2,PDES,0.5014382614830398,0.4531473842502765,2.0,2,0.4781647313272327,0.012727190843433201,0.34,3400000.0000000005,585.0,590.0,0.008547008547008548,0.004547008547008548,0.0029059829059829064,0.0015459829059829063,threshold,,,,False,10000000.0,29059.829059829066,15459.829059829062,0.014740503927239112,0.0107408917184955,147405.03927239115,107408.917184955,4377740.54981268
2025-12-09,3,KINO,0.4948834938427164,0.417612968932079,3.0,3,0.4781647313272327,0.009736790464522204,0.31990305218590254,3199030.5218590256,1315.0,1370.0,0.04182509505703422,0.037825095057034214,0.013379975566710752,0.01210036335796714,threshold,,,,False,10000000.0,133799.75566710753,121003.6335796714,0.014740503927239112,0.0107408917184955,147405.03927239115,107408.917184955,4377740.54981268
2025-12-10,1,KMDS,0.523410562425067,0.4973959579210481,1.0,1,0.5051261275893711,0.009189830855549938,0.34,3400000.0000000005,695.0,695.0,0.0,-0.004,0.0,-0.00136,threshold,,,,False,10000000.0,0.0,-13600.000000000002,-0.014835446848405372,-0.018835422690320607,-148354.46848405374,-188354.22690320606,4189386.322909474
2025-12-10,2,SRSN,0.5175269475018613,0.5135092620252487,2.0,2,0.5051261275893711,0.006032884030719349,0.34,3400000.0000000005,64.0,62.0,-0.03125,-0.035250000000000004,-0.010625,-0.011985000000000003,threshold,,,,False,10000000.0,-106250.00000000001,-119850.00000000003,-0.014835446848405372,-0.018835422690320607,-148354.46848405374,-188354.22690320606,4189386.322909474
2025-12-10,3,RIGS,0.51305216044937,0.29375211811963037,3.0,3,0.5051261275893711,0.005597743919088376,0.3199939604788082,3199939.6047880817,760.0,750.0,-0.013157894736842105,-0.017157894736842105,-0.004210446848405371,-0.005490422690320604,threshold,,,,False,10000000.0,-42104.46848405371,-54904.226903206036,-0.014835446848405372,-0.018835422690320607,-148354.46848405374,-188354.22690320606,4189386.322909474
2025-12-11,1,TIFA,0.5023740484151045,0.4973959579210481,3.0,3,0.4832711882689009,0.009601174724750822,0.34,3400000.0000000005,474.0,500.0,0.05485232067510549,0.05085232067510549,0.018649789029535867,0.01728978902953587,threshold,,,,False,10000000.0,186497.89029535867,172897.8902953587,0.016450075278572535,0.012450075278572536,164500.75278572534,124500.75278572536,4313887.075695199
2025-12-11,2,BHAT,0.5144284687473879,0.6928626416322364,1.0,1,0.4832711882689009,0.009569564820085981,0.34,3400000.0000000005,1465.0,1500.0,0.023890784982935155,0.019890784982935155,0.008122866894197953,0.006762866894197953,threshold,,,,False,10000000.0,81228.66894197953,67628.66894197953,0.016450075278572535,0.012450075278572536,164500.75278572534,124500.75278572536,4313887.075695199
2025-12-11,3,MREI,0.5048755353280531,0.6908461195933902,2.0,2,0.4832711882689009,0.006679067726988017,0.3199999999999999,3199999.999999999,930.0,900.0,-0.03225806451612903,-0.036258064516129035,-0.010322580645161287,-0.011602580645161287,threshold,,,,False,10000000.0,-103225.80645161287,-116025.80645161287,0.016450075278572535,0.012450075278572536,164500.75278572534,124500.75278572536,4313887.075695199
2025-12-12,1,PORT,0.5085101627470315,0.4973959579210481,1.0,1,0.4805526141315255,0.014051576940772139,0.34,3400000.0000000005,1035.0,1030.0,-0.004830917874396135,-0.008830917874396136,-0.0016425120772946861,-0.0030025120772946864,threshold,,,,False,10000000.0,-16425.120772946862,-30025.120772946866,0.03226869499254917,0.028268866003201547,322686.9499254917,282688.6600320155,4596575.735727214
2025-12-12,2,KMDS,0.5015378035201538,0.4973959579210481,2.0,2,0.4805526141315255,0.010547241010516892,0.34,3400000.0000000005,665.0,690.0,0.03759398496240601,0.03359398496240601,0.012781954887218045,0.011421954887218044,threshold,,,,False,10000000.0,127819.54887218046,114219.54887218044,0.03226869499254917,0.028268866003201547,322686.9499254917,282688.6600320155,4596575.735727214
2025-12-12,3,INTD,0.4984831946698121,0.4973959579210481,3.0,3,0.4805526141315255,0.00901198225536504,0.31995724733690517,3199572.4733690517,212.0,226.0,0.0660377358490566,0.0620377358490566,0.02112925218262581,0.01984942319327819,threshold,,,,False,10000000.0,211292.5218262581,198494.2319327819,0.03226869499254917,0.028268866003201547,322686.9499254917,282688.6600320155,4596575.735727214
2025-12-15,1,JAYA,0.4966951611983857,0.3580961258072602,1.0,1,0.4736038948150608,0.01482237335147281,0.34,3400000.0000000005,104.0,105.0,0.009615384615384616,0.005615384615384616,0.0032692307692307695,0.0019092307692307696,threshold,,,,False,10000000.0,32692.307692307695,19092.307692307695,0.0039648502518205755,-3.508959614466746e-05,39648.50251820575,-350.89596144667667,4596224.839765768
2025-12-15,2,TOTO,0.48963566535123776,0.5275405702517046,2.0,2,0.4736038948150608,0.0075743611653776785,0.34,3400000.0000000005,272.0,272.0,0.0,-0.004,0.0,-0.00136,threshold,,,,False,10000000.0,0.0,-13600.000000000002,0.0039648502518205755,-3.508959614466746e-05,39648.50251820575,-350.89596144667667,4596224.839765768
2025-12-15,3,EDGE,0.48729869325270336,0.4973959579210481,3.0,3,0.4736038948150608,0.006883061050215657,0.3199849619913107,3199849.6199131072,4600.0,4610.0,0.002173913043478261,-0.0018260869565217392,0.0006956194825898059,-0.000584320365375437,threshold,,,,False,10000000.0,6956.194825898058,-5843.20365375437,0.0039648502518205755,-3.508959614466746e-05,39648.50251820575,-350.89596144667667,4596224.839765768
2025-12-16,1,IDPR,0.5181681320180619,0.29359756772092194,1.0,1,0.4814450616564313,0.025941266224211567,0.34,3400000.0000000005,284.0,282.0,-0.007042253521126761,-0.011042253521126762,-0.0023943661971830986,-0.003754366197183099,threshold,,,,False,10000000.0,-23943.661971830985,-37543.66197183099,0.020288443268391933,0.016288754689780506,202884.43268391935,162887.54689780506,4759112.386663573
2025-12-16,2,SAMF,0.5037771879962051,0.33123935116252046,3.0,3,0.4814450616564313,0.014934847300907675,0.34,3400000.0000000005,308.0,310.0,0.006493506493506494,0.002493506493506494,0.002207792207792208,0.000847792207792208,threshold,,,,False,10000000.0,22077.92207792208,8477.92207792208,0.020288443268391933,0.016288754689780506,202884.43268391935,162887.54689780506,4759112.386663573
2025-12-16,3,SICO,0.5061501799248721,0.5198135998486288,2.0,2,0.4814450616564313,0.011863061806636462,0.3199221446528566,3199221.446528566,125.0,133.0,0.064,0.06,0.020475017257782824,0.019195328679171397,threshold,,,,False,10000000.0,204750.17257782826,191953.28679171397,0.020288443268391933,0.016288754689780506,202884.43268391935,162887.54689780506,4759112.386663573
2025-12-17,1,MASB,0.5151031986928211,0.4973959579210481,1.0,1,0.47924627411468956,0.01802183522948901,0.34,3400000.0000000005,3150.0,3320.0,0.05396825396825397,0.04996825396825397,0.01834920634920635,0.01698920634920635,threshold,,,,False,10000000.0,183492.06349206352,169892.06349206352,0.010528674029814715,0.006528674029814715,105286.74029814717,65286.74029814716,4824399.12696172
2025-12-17,2,CASS,0.5062441961037756,0.46104796483032323,2.0,2,0.47924627411468956,0.014550585001370077,0.34,3400000.0000000005,2630.0,2520.0,-0.04182509505703422,-0.04582509505703422,-0.014220532319391636,-0.015580532319391636,threshold,,,,False,10000000.0,-142205.32319391635,-155805.32319391635,0.010528674029814715,0.006528674029814715,105286.74029814717,65286.74029814716,4824399.12696172
2025-12-17,3,PEHA,0.5004007389364847,0.5816276998396229,3.0,3,0.47924627411468956,0.008850442106156228,0.31999999999999995,3199999.9999999995,300.0,306.0,0.02,0.016,0.0063999999999999994,0.0051199999999999996,threshold,,,,False,10000000.0,63999.99999999999,51199.99999999999,0.010528674029814715,0.006528674029814715,105286.74029814717,65286.74029814716,4824399.12696172
2025-12-18,1,MCAS,0.5097054494040207,0.2970597531116947,1.0,1,0.47785378140491513,0.022389819367095627,0.34,3400000.0000000005,570.0,575.0,0.008771929824561403,0.004771929824561403,0.0029824561403508773,0.0016224561403508772,threshold,,,,False,10000000.0,29824.56140350877,16224.561403508771,0.3260386129470167,0.32203942685106435,3260386.1294701668,3220394.2685106434,8044793.395472364
2025-12-18,2,KOCI,0.5092312923438658,0.5398748074110246,2.0,2,0.47785378140491513,0.014437583263747346,0.34,3400000.0000000005,89.0,172.0,0.9325842696629213,0.9285842696629213,0.3170786516853933,0.31571865168539326,threshold,,,,False,10000000.0,3170786.5168539328,3157186.5168539328,0.3260386129470167,0.32203942685106435,3260386.1294701668,3220394.2685106434,8044793.395472364
2025-12-18,3,GEMS,0.5005364037439214,0.5961504895282352,3.0,3,0.47785378140491513,0.00916036592782359,0.31979652398808023,3197965.239880802,8025.0,8175.0,0.018691588785046728,0.014691588785046727,0.005977505121272527,0.004698319025320206,threshold,,,,False,10000000.0,59775.051212725266,46983.19025320206,0.3260386129470167,0.32203942685106435,3260386.1294701668,3220394.2685106434,8044793.395472364
2025-12-19,1,HBAT,0.5119232313702886,0.6189192670242049,1.0,1,0.4848791230279955,0.010305988629757868,0.34,3400000.0000000005,286.0,358.0,0.2517482517482518,0.24774825174825177,0.0855944055944056,0.0842344055944056,threshold,,,,False,10000000.0,855944.055944056,842344.055944056,0.06692773892773894,0.06292773892773895,669277.3892773894,629277.3892773894,8674070.784749754
2025-12-19,2,INTD,0.5015597956893993,0.4973959579210481,2.0,2,0.4848791230279955,0.008383773504217432,0.34,3400000.0000000005,216.0,216.0,0.0,-0.004,0.0,-0.00136,threshold,,,,False,10000000.0,0.0,-13600.000000000002,0.06692773892773894,0.06292773892773895,669277.3892773894,629277.3892773894,8674070.784749754
2025-12-19,3,NZIA,0.5013126000287125,0.6775350735593216,3.0,3,0.4848791230279955,0.005299219952200773,0.3199999999999999,3199999.999999999,120.0,113.0,-0.058333333333333334,-0.06233333333333334,-0.01866666666666666,-0.01994666666666666,threshold,,,,False,10000000.0,-186666.6666666666,-199466.6666666666,0.06692773892773894,0.06292773892773895,669277.3892773894,629277.3892773894,8674070.784749754
2025-12-22,1,BALI,0.5051558180206002,0.32571293886403024,3.0,3,0.48542140875691436,0.013306656825665156,0.34,3400000.0000000005,1670.0,1620.0,-0.029940119760479042,-0.033940119760479046,-0.010179640718562874,-0.011539640718562876,threshold,,,,False,10000000.0,-101796.40718562875,-115396.40718562876,0.03331185468223395,0.029311854682233948,333118.54682233953,293118.5468223395,8967189.331572093
2025-12-22,2,PURI,0.5077523073930372,0.5255429963521003,1.0,1,0.48542140875691436,0.010595051255659824,0.33696901466466866,3369690.146646687,244.0,256.0,0.04918032786885246,0.045180327868852455,0.016572246622852557,0.015224370564193882,threshold,,,,False,10000000.0,165722.46622852556,152243.7056419388,0.03331185468223395,0.029311854682233948,333118.54682233953,293118.5468223395,8967189.331572093
2025-12-22,3,NRCA,0.5056109324715895,0.4969267762965792,2.0,2,0.48542140875691436,0.010156808780178285,0.32303098533533126,3230309.8533533127,1560.0,1690.0,0.08333333333333333,0.07933333333333333,0.02691924877794427,0.025627124836602944,threshold,,,,False,10000000.0,269192.4877794427,256271.24836602944,0.03331185468223395,0.029311854682233948,333118.54682233953,293118.5468223395,8967189.331572093
2025-12-23,1,GUNA,0.5096261843531739,0.511493632109333,2.0,2,0.4832781413234978,0.01287118680145407,0.34,3400000.0000000005,272.0,262.0,-0.03676470588235294,-0.04076470588235294,-0.0125,-0.01386,threshold,,,,False,10000000.0,-125000.0,-138600.0,-0.003940628354387025,-0.007940464522671185,-39406.28354387023,-79404.64522671184,8887784.686345382
2025-12-23,2,JATI,0.5116007746995879,0.5833311408928711,1.0,1,0.4832781413234978,0.011801159335724948,0.34,3400000.0000000005,121.0,130.0,0.0743801652892562,0.0703801652892562,0.02528925619834711,0.02392925619834711,threshold,,,,False,10000000.0,252892.5619834711,239292.5619834711,-0.003940628354387025,-0.007940464522671185,-39406.28354387023,-79404.64522671184,8887784.686345382
2025-12-23,3,APIC,0.5040965074389153,0.5137684516125098,3.0,3,0.4832781413234978,0.01012254639119713,0.3199590420710403,3199590.420710403,1530.0,1450.0,-0.05228758169934641,-0.0562875816993464,-0.016729884552734133,-0.018009720721018294,threshold,,,,False,10000000.0,-167298.84552734133,-180097.20721018294,-0.003940628354387025,-0.007940464522671185,-39406.28354387023,-79404.64522671184,8887784.686345382
2025-12-24,1,KJEN,0.5349554816183306,0.4973959579210481,1.0,1,0.5091585804410865,0.012965626804794154,0.34,3400000.0000000005,198.0,220.0,0.1111111111111111,0.1071111111111111,0.03777777777777778,0.03641777777777778,threshold,,,,False,10000000.0,377777.7777777778,364177.77777777775,0.06215615615615616,0.05815615615615616,621561.5615615617,581561.5615615615,9469346.247906944
2025-12-24,2,AKPI,0.5307994095906904,0.49968805405838124,2.0,2,0.5091585804410865,0.010827165343628412,0.34,3400000.0000000005,555.0,585.0,0.05405405405405406,0.050054054054054054,0.01837837837837838,0.017018378378378378,threshold,,,,False,10000000.0,183783.78378378382,170183.7837837838,0.06215615615615616,0.05815615615615616,621561.5615615617,581561.5615615615,9469346.247906944
2025-12-24,3,BALI,0.5234515210717897,0.4866614596025416,3.0,3,0.5091585804410865,0.007337117281352703,0.32000000000000006,3200000.0000000005,1600.0,1630.0,0.01875,0.01475,0.006000000000000001,0.00472,threshold,,,,False,10000000.0,60000.00000000001,47200.0,0.06215615615615616,0.05815615615615616,621561.5615615617,581561.5615615615,9469346.247906944
2025-12-29,1,BBLD,0.5291410660266164,0.4973959579210481,1.0,1,0.498927467752213,0.015185476618464767,0.34,3400000.0000000005,920.0,900.0,-0.021739130434782608,-0.025739130434782608,-0.007391304347826087,-0.008751304347826087,threshold,,,,False,10000000.0,-73913.04347826086,-87513.04347826086,0.035262354188759275,0.03126235418875928,352623.54188759276,312623.54188759276,9781969.789794536
2025-12-29,2,ISSP,0.5285235681879668,0.5851469438479532,2.0,2,0.498927467752213,0.012278032715955357,0.34,3400000.0000000005,410.0,446.0,0.08780487804878048,0.08380487804878048,0.029853658536585365,0.028493658536585365,threshold,,,,False,10000000.0,298536.5853658536,284936.5853658536,0.035262354188759275,0.03126235418875928,352623.54188759276,312623.54188759276,9781969.789794536
2025-12-29,3,BOBA,0.5193455178153861,0.576568591205083,3.0,3,0.498927467752213,0.008645643703094506,0.32,3200000.0,175.0,182.0,0.04,0.036000000000000004,0.0128,0.01152,threshold,,,,False,10000000.0,128000.0,115200.0,0.035262354188759275,0.03126235418875928,352623.54188759276,312623.54188759276,9781969.789794536
2025-12-30,1,LPIN,0.5202408087408475,0.41888486542500525,2.0,2,0.5010776866424241,0.011135980277102378,0.34,3400000.0000000005,430.0,444.0,0.03255813953488372,0.02855813953488372,0.011069767441860466,0.009709767441860466,threshold,,,,False,10000000.0,110697.67441860466,97097.67441860466,0.02322211398428444,0.019222113984284438,232221.1398428444,192221.1398428444,9974190.92963738
2025-12-30,2,LIVE,0.5198466739073095,0.4228329114966233,3.0,3,0.5010776866424241,0.010832841733830865,0.33535874236667385,3353587.4236667384,234.0,234.0,0.0,-0.004,0.0,-0.0013414349694666954,threshold,,,,False,10000000.0,0.0,-13414.349694666953,0.02322211398428444,0.019222113984284438,232221.1398428444,192221.1398428444,9974190.92963738
2025-12-30,3,APLI,0.5219423076782502,0.4973959579210481,1.0,1,0.5010776866424241,0.010486642869051722,0.3246412576333262,3246412.576333262,374.0,388.0,0.0374331550802139,0.0334331550802139,0.012152346542423973,0.010853781511890669,threshold,,,,False,10000000.0,121523.46542423974,108537.81511890668,0.02322211398428444,0.019222113984284438,232221.1398428444,192221.1398428444,9974190.92963738
2026-01-02,1,IKPM,0.5228853515113969,0.4973959579210481,1.0,1,0.49744144911452626,0.01278820819092953,0.34,3400000.0000000005,218.0,218.0,0.0,-0.004,0.0,-0.00136,threshold,,,,False,10000000.0,0.0,-13600.000000000002,0.017165097955097592,0.013165216236977337,171650.97955097596,131652.16236977343,10105843.092007153
2026-01-02,2,AGRS,0.5172032064331935,0.5214641108794679,2.0,2,0.49744144911452626,0.009456710109072616,0.34,3400000.0000000005,80.0,90.0,0.125,0.121,0.0425,0.04114,threshold,,,,False,10000000.0,425000.00000000006,411400.00000000006,0.017165097955097592,0.013165216236977337,171650.97955097596,131652.16236977343,10105843.092007153
2026-01-02,3,BALI,0.5139883315922058,0.4973959579210481,3.0,3,0.49744144911452626,0.008316530017087124,0.31997042953006377,3199704.295300638,1705.0,1570.0,-0.07917888563049853,-0.08317888563049854,-0.02533490204490241,-0.026614783763022665,threshold,,,,False,10000000.0,-253349.0204490241,-266147.8376302266,0.017165097955097592,0.013165216236977337,171650.97955097596,131652.16236977343,10105843.092007153
2026-01-05,1,CASS,0.5054080868117602,0.31275549987938184,1.0,1,0.4786253659868571,0.018406277585180583,0.34,3400000.0000000005,2450.0,2530.0,0.0326530612244898,0.0286530612244898,0.011102040816326533,0.009742040816326533,threshold,,,,False,10000000.0,111020.40816326533,97420.40816326533,0.06651465854172123,0.06251503106294859,665146.5854172122,625150.3106294859,10730993.402636638
2026-01-05,2,VISI,0.5039191586768665,0.5970790118135259,2.0,2,0.4786253659868571,0.010191399945642412,0.34,3400000.0000000005,190.0,216.0,0.1368421052631579,0.1328421052631579,0.04652631578947369,0.045166315789473686,threshold,,,,False,10000000.0,465263.1578947369,451663.15789473685,0.06651465854172123,0.06251503106294859,665146.5854172122,625150.3106294859,10730993.402636638
2026-01-05,3,SHID,0.4942534002278212,0.4973959579210481,3.0,3,0.4786253659868571,0.007854713179256819,0.31990686969315585,3199068.6969315587,900.0,925.0,0.027777777777777776,0.023777777777777776,0.008886301935920994,0.007606674457148372,threshold,,,,False,10000000.0,88863.01935920994,76066.74457148372,0.06651465854172123,0.06251503106294859,665146.5854172122,625150.3106294859,10730993.402636638
2026-01-06,1,SKRN,0.5052774780132188,0.4973959579210481,1.0,1,0.4787237756104359,0.01334599815980025,0.34,3400000.0000000005,505.0,510.0,0.009900990099009901,0.005900990099009901,0.0033663366336633667,0.0020063366336633666,threshold,,,,False,10000000.0,33663.36633663367,20063.366336633666,-0.004994319104041551,-0.008994215558445925,-49943.191040415506,-89942.15558445924,10641051.247052178
2026-01-06,2,PEVE,0.4991975507711998,0.45089708385528865,3.0,3,0.4787237756104359,0.011242209645266631,0.34,3400000.0000000005,610.0,595.0,-0.02459016393442623,-0.02859016393442623,-0.008360655737704918,-0.009720655737704918,threshold,,,,False,10000000.0,-83606.55737704918,-97206.55737704918,-0.004994319104041551,-0.008994215558445925,-49943.191040415506,-89942.15558445924,10641051.247052178
2026-01-06,3,SKLT,0.49979460445732826,0.526917750122158,2.0,2,0.4787237756104359,0.009968235117678779,0.3199741136010934,3199741.136010934,244.0,244.0,0.0,-0.004,0.0,-0.0012798964544043737,threshold,,,,False,10000000.0,0.0,-12798.964544043736,-0.004994319104041551,-0.008994215558445925,-49943.191040415506,-89942.15558445924,10641051.247052178
2026-01-07,1,PTIS,0.5249411195421301,0.4973959579210481,1.0,1,0.4986982709673955,0.013189761769327462,0.33758798226670783,3375879.822667078,348.0,356.0,0.022988505747126436,0.018988505747126436,0.0077606432704990305,0.006410291341432199,threshold,,,,False,10000000.0,77606.43270499031,64102.913414321985,0.02087046520072392,0.016870465200723918,208704.6520072392,168704.65200723917,10809755.899059417
2026-01-07,2,AMIN,0.5244450083937969,0.4973959579210481,2.0,2,0.4986982709673955,0.012940414300854793,0.33120600886664603,3312060.0886664605,252.0,254.0,0.007936507936507936,0.003936507936507936,0.0026286191179892542,0.0013037950825226699,threshold,,,,False,10000000.0,26286.191179892543,13037.950825226699,0.02087046520072392,0.016870465200723918,208704.6520072392,168704.65200723917,10809755.899059417
2026-01-07,3,PNSE,0.5244450083937969,0.4973959579210481,3.0,3,0.4986982709673955,0.012940414300854793,0.33120600886664603,3312060.0886664605,790.0,815.0,0.03164556962025317,0.027645569620253167,0.010481202812235635,0.00915637877676905,threshold,,,,False,10000000.0,104812.02812235635,91563.7877676905,0.02087046520072392,0.016870465200723918,208704.6520072392,168704.65200723917,10809755.899059417
2026-01-08,1,HERO,0.526649844390911,0.13654654932494828,1.0,1,0.4991938562773251,0.023706967678368954,0.34,3400000.0000000005,474.0,470.0,-0.008438818565400843,-0.012438818565400843,-0.002869198312236287,-0.004229198312236287,threshold,,,,False,10000000.0,-28691.98312236287,-42291.98312236287,0.006734005315126622,0.0027340610624905556,67340.05315126623,27340.610624905552,10837096.509684322
2026-01-08,2,SAFE,0.5227406593314964,0.4183258814389977,2.0,2,0.4991938562773251,0.0136965659114646,0.34,3400000.0000000005,392.0,394.0,0.00510204081632653,0.0011020408163265301,0.0017346938775510204,0.0003746938775510203,threshold,,,,False,10000000.0,17346.938775510203,3746.938775510203,0.006734005315126622,0.0027340610624905556,67340.05315126623,27340.610624905552,10837096.509684322
2026-01-08,3,CASS,0.5174765449379547,0.31749638237943617,3.0,3,0.4991938562773251,0.012478001150710162,0.31998606315901684,3199860.6315901685,2440.0,2500.0,0.02459016393442623,0.02059016393442623,0.007868509749811889,0.006588565497175822,threshold,,,,False,10000000.0,78685.09749811889,65885.65497175822,0.006734005315126622,0.0027340610624905556,67340.05315126623,27340.610624905552,10837096.509684322
2026-01-09,1,LPIN,0.523329934775002,0.4253909254906817,2.0,2,0.49972443578953857,0.013563933925367797,0.34,3400000.0000000005,438.0,440.0,0.0045662100456621,0.0005662100456621001,0.0015525114155251142,0.00019251141552511405,threshold,,,,False,10000000.0,15525.114155251142,1925.1141552511406,0.015872529301374044,0.011872529301374045,158725.29301374045,118725.29301374045,10955821.802698063
2026-01-09,2,MASB,0.5221743519555401,0.4973959579210481,3.0,3,0.49972443578953857,0.011283418609365964,0.33090790651598007,3309079.0651598005,3300.0,3400.0,0.030303030303030304,0.026303030303030304,0.010027512318666063,0.008703880692602143,threshold,,,,False,10000000.0,100275.12318666062,87038.80692602143,0.015872529301374044,0.011872529301374045,158725.29301374045,118725.29301374045,10955821.802698063
2026-01-09,3,TIFA,0.5242184696297667,0.5418679329483393,1.0,1,0.49972443578953857,0.01122150235365704,0.3290920934840199,3290920.934840199,460.0,466.0,0.013043478260869565,0.009043478260869564,0.004292505567182868,0.0029761371932467886,threshold,,,,False,10000000.0,42925.055671828675,29761.371932467886,0.015872529301374044,0.011872529301374045,158725.29301374045,118725.29301374045,10955821.802698063
2026-01-12,1,ASDM,0.5305179736956096,0.4973959579210481,1.0,1,0.5061727898877956,0.012235987786962383,0.34,3400000.0000000005,670.0,705.0,0.05223880597014925,0.04823880597014925,0.017761194029850748,0.016401194029850744,threshold,,,,False,10000000.0,177611.94029850748,164011.94029850746,0.06752051691131045,0.06352051691131044,675205.1691131045,635205.1691131043,11591026.971811168
2026-01-12,2,RANC,0.5279509430059528,0.4973959579210481,2.0,2,0.5061727898877956,0.010945787786200154,0.3338713745802694,3338713.745802694,855.0,870.0,0.017543859649122806,0.013543859649122806,0.005857392536495954,0.004521907038174876,threshold,,,,False,10000000.0,58573.92536495954,45219.07038174876,0.06752051691131045,0.06352051691131044,675205.1691131045,635205.1691131043,11591026.971811168
2026-01-12,3,TALF,0.5274458898938503,0.4973959579210481,3.0,3,0.5061727898877956,0.010691946050592897,0.32612862541973064,3261286.2541973065,520.0,590.0,0.1346153846153846,0.1306153846153846,0.04390193034496374,0.04259741584328482,threshold,,,,False,10000000.0,439019.3034496374,425974.15843284817,0.06752051691131045,0.06352051691131044,675205.1691131045,635205.1691131043,11591026.971811168
2026-01-13,1,MKTR,0.5212375379465011,0.3599698822813355,2.0,2,0.5039971091271976,0.011034393686739032,0.34,3400000.0000000005,148.0,150.0,0.013513513513513514,0.009513513513513514,0.004594594594594595,0.003234594594594595,threshold,,,,False,10000000.0,45945.945945945954,32345.945945945947,0.06157779530193323,0.05757779530193324,615777.9530193324,575777.9530193324,12166804.9248305
2026-01-13,2,GTRA,0.5248707109078097,0.5544444608102325,1.0,1,0.5039971091271976,0.009300348896193088,0.34,3400000.0000000005,290.0,354.0,0.2206896551724138,0.2166896551724138,0.0750344827586207,0.0736744827586207,threshold,,,,False,10000000.0,750344.827586207,736744.827586207,0.06157779530193323,0.05757779530193324,615777.9530193324,575777.9530193324,12166804.9248305
2026-01-13,3,SMKL,0.5181739833971106,0.541314754234783,3.0,3,0.5039971091271976,0.006502723058677619,0.3199999999999999,3199999.999999999,195.0,184.0,-0.05641025641025641,-0.06041025641025641,-0.018051282051282046,-0.019331282051282043,threshold,,,,False,10000000.0,-180512.82051282047,-193312.82051282044,0.06157779530193323,0.05757779530193324,615777.9530193324,575777.9530193324,12166804.9248305
2026-01-14,1,KEJU,0.5278673182839279,0.38003185076989093,1.0,1,0.5041759440295742,0.014687897449189477,0.34,3400000.0000000005,610.0,620.0,0.01639344262295082,0.01239344262295082,0.005573770491803279,0.004213770491803279,threshold,,,,False,10000000.0,55737.70491803279,42137.70491803279,0.04755253509309674,0.04355276186772203,475525.3509309674,435527.6186772203,12602332.543507721
2026-01-14,2,VOKS,0.5244461157232306,0.4191200421002348,2.0,2,0.5041759440295742,0.01177453648003215,0.34,3400000.0000000005,260.0,284.0,0.09230769230769231,0.08830769230769231,0.031384615384615386,0.030024615384615386,threshold,,,,False,10000000.0,313846.1538461539,300246.1538461539,0.04755253509309674,0.04355276186772203,475525.3509309674,435527.6186772203,12602332.543507721
2026-01-14,3,DMND,0.5236088714019119,0.4973959579210481,3.0,3,0.5041759440295742,0.009767067846763637,0.3199433063436779,3199433.063436779,755.0,780.0,0.033112582781456956,0.029112582781456956,0.010594149216678077,0.009314375991303366,threshold,,,,False,10000000.0,105941.49216678076,93143.75991303366,0.04755253509309674,0.04355276186772203,475525.3509309674,435527.6186772203,12602332.543507721
2026-01-15,1,KINO,0.5268726036588934,0.4973959579210481,1.0,1,0.5012128854979742,0.012896678066284719,0.34,3400000.0000000005,1285.0,1325.0,0.0311284046692607,0.0271284046692607,0.01058365758754864,0.00922365758754864,threshold,,,,False,10000000.0,105836.5758754864,92236.5758754864,-0.049488402684056555,-0.05348840268405655,-494884.02684056555,-534884.0268405656,12067448.516667156
2026-01-15,2,TFAS,0.5155056689485747,0.5612725084679477,2.0,2,0.5012128854979742,0.006270637030292826,0.33940467903939686,3394046.7903939686,264.0,214.0,-0.1893939393939394,-0.1933939393939394,-0.06428118921200698,-0.06563880792816457,threshold,,,,False,10000000.0,-642811.8921200698,-656388.0792816457,-0.049488402684056555,-0.05348840268405655,-494884.02684056555,-534884.0268405656,12067448.516667156
2026-01-15,3,SHIP,0.5129977621204213,0.4973959579210481,3.0,3,0.5012128854979742,0.005923126625843656,0.3205953209606031,3205953.209606031,4570.0,4630.0,0.01312910284463895,0.009129102844638949,0.0042091289404017915,0.002926747656559379,threshold,,,,False,10000000.0,42091.289404017916,29267.476565593788,-0.049488402684056555,-0.05348840268405655,-494884.02684056555,-534884.0268405656,12067448.516667156
2026-01-19,1,PNIN,0.5264673877129662,0.43233542037698636,1.0,1,0.5003263510958844,0.014839340562145536,0.34,3400000.0000000005,820.0,820.0,0.0,-0.004,0.0,-0.00136,threshold,,,,False,10000000.0,0.0,-13600.000000000002,-0.006076651355371101,-0.0100766513553711,-60766.513553711,-100766.513553711,11966682.003113445
2026-01-19,2,IDPR,0.5205709580741062,0.3115447726334068,3.0,3,0.5003263510958844,0.013937505500139032,0.3354245949784875,3354245.949784875,286.0,290.0,0.013986013986013986,0.009986013986013986,0.004691253076622203,0.0033495546967082525,threshold,,,,False,10000000.0,46912.53076622203,33495.546967082526,-0.006076651355371101,-0.0100766513553711,-60766.513553711,-100766.513553711,11966682.003113445
2026-01-19,3,KSIX,0.5236949845543862,0.4228716096990585,2.0,2,0.5003263510958844,0.013486701811437877,0.32457540502151244,3245754.0502151246,422.0,408.0,-0.03317535545023697,-0.037175355450236966,-0.010767904431993304,-0.012066206052079352,threshold,,,,False,10000000.0,-107679.04431993303,-120662.06052079353,-0.006076651355371101,-0.0100766513553711,-60766.513553711,-100766.513553711,11966682.003113445
2026-01-20,1,SMKL,0.524628412472009,0.4259857220295685,2.0,2,0.493295907444873,0.017985305250156368,0.34,3400000.0000000005,181.0,185.0,0.022099447513812154,0.018099447513812154,0.0075138121546961326,0.0061538121546961325,threshold,,,,False,10000000.0,75138.12154696132,61538.12154696132,0.014601595312376942,0.010601595312376942,146015.95312376943,106015.95312376943,12072697.956237214
2026-01-20,2,AKPI,0.5247053492514947,0.4973959579210481,1.0,1,0.493295907444873,0.015786512411451684,0.3326270388926174,3326270.388926174,560.0,565.0,0.008928571428571428,0.004928571428571428,0.002969884275826941,0.0016393761202564713,threshold,,,,False,10000000.0,29698.84275826941,16393.761202564714,0.014601595312376942,0.010601595312376942,146015.95312376943,106015.95312376943,12072697.956237214
2026-01-20,3,CSAP,0.5242092150496805,0.4973959579210481,3.0,3,0.493295907444873,0.015537153356206273,0.32737296110738257,3273729.6110738255,318.0,322.0,0.012578616352201259,0.008578616352201258,0.004117898881853869,0.0028084070374243385,threshold,,,,False,10000000.0,41178.98881853869,28084.070374243387,0.014601595312376942,0.010601595312376942,146015.95312376943,106015.95312376943,12072697.956237214
2026-01-21,1,FITT,0.5312558019689536,0.43599452418897666,1.0,1,0.5069070686842249,0.013732818901649142,0.34,3400000.0000000005,490.0,448.0,-0.08571428571428572,-0.08971428571428572,-0.029142857142857144,-0.030502857142857148,threshold,,,,False,10000000.0,-291428.5714285714,-305028.5714285715,-0.04220718462823726,-0.046207184628237266,-422071.8462823726,-462071.8462823727,11610626.109954841
2026-01-21,2,BPTR,0.5294456748739158,0.4973959579210481,2.0,2,0.5069070686842249,0.011327994573764355,0.34,3400000.0000000005,90.0,91.0,0.011111111111111112,0.0071111111111111115,0.0037777777777777783,0.0024177777777777782,threshold,,,,False,10000000.0,37777.77777777778,24177.77777777778,-0.04220718462823726,-0.046207184628237266,-422071.8462823726,-462071.8462823727,11610626.109954841
2026-01-21,3,PNBS,0.5266633082042687,0.7433541239978524,3.0,3,0.5069070686842249,0.005070357398129888,0.32000000000000006,3200000.0000000005,57.0,54.0,-0.05263157894736842,-0.05663157894736842,-0.016842105263157898,-0.018122105263157898,threshold,,,,False,10000000.0,-168421.052631579,-181221.052631579,-0.04220718462823726,-0.046207184628237266,-422071.8462823726,-462071.8462823727,11610626.109954841
2026-01-22,1,ARTA,0.534720276196698,0.4973959579210481,1.0,1,0.5013568692657103,0.016768583181039347,0.34,3400000.0000000005,2800.0,2780.0,-0.007142857142857143,-0.011142857142857142,-0.002428571428571429,-0.0037885714285714285,threshold,,,,False,10000000.0,-24285.71428571429,-37885.71428571428,0.026397463123457504,0.022397463123457504,263974.63123457495,223974.631234575,11834600.741189416
2026-01-22,2,SOHO,0.530725903327531,0.4464992149951027,2.0,2,0.5013568692657103,0.016255783408053313,0.34,3400000.0000000005,2620.0,2920.0,0.11450381679389313,0.11050381679389312,0.038931297709923665,0.037571297709923665,threshold,,,,False,10000000.0,389312.9770992366,375712.9770992366,0.026397463123457504,0.022397463123457504,263974.63123457495,223974.631234575,11834600.741189416
2026-01-22,3,CAKK,0.5302824945739891,0.4973959579210481,3.0,3,0.5013568692657103,0.014538136199602156,0.3199999999999999,3199999.999999999,190.0,184.0,-0.031578947368421054,-0.03557894736842106,-0.010105263157894733,-0.011385263157894735,threshold,,,,False,10000000.0,-101052.63157894733,-113852.63157894734,0.026397463123457504,0.022397463123457504,263974.63123457495,223974.631234575,11834600.741189416
2026-01-23,1,ADMG,0.5321113750967928,0.4973959579210481,1.0,1,0.5035512388172011,0.014354439936448535,0.34,3400000.0000000005,212.0,246.0,0.16037735849056603,0.15637735849056603,0.05452830188679245,0.05316830188679245,threshold,,,,False,10000000.0,545283.0188679246,531683.0188679246,0.014835127217964969,0.010835127217964962,148351.2721796497,108351.27217964968,11942952.013369067
2026-01-23,2,TNCA,0.5233946562156896,0.5034748004460246,2.0,2,0.5035512388172011,0.009852756783617328,0.33971319777293024,3397131.9777293024,232.0,222.0,-0.04310344827586207,-0.047103448275862075,-0.014642810248833201,-0.016001663039924924,threshold,,,,False,10000000.0,-146428.10248833202,-160016.63039924923,0.014835127217964969,0.010835127217964962,148351.2721796497,108351.27217964968,11942952.013369067
2026-01-23,3,CAKK,0.5220336407000922,0.4973959579210481,3.0,3,0.5035512388172011,0.009289329893668687,0.3202868022270698,3202868.022270698,179.0,165.0,-0.0782122905027933,-0.0822122905027933,-0.025050364419994284,-0.026331511628902567,threshold,,,,False,10000000.0,-250503.64419994285,-263315.1162890257,0.014835127217964969,0.010835127217964962,148351.2721796497,108351.27217964968,11942952.013369067
2026-01-26,1,KMDS,0.535484704290784,0.49295608198164725,1.0,1,0.5003049144333157,0.017837698484393025,0.34,3400000.0000000005,625.0,635.0,0.016,0.012,0.00544,0.00408,threshold,,,,False,10000000.0,54400.00000000001,40800.0,-0.019780433898797443,-0.023780433898797446,-197804.33898797442,-237804.33898797445,11705147.674381092
2026-01-26,2,ENAK,0.5238916068738572,0.45349388884770153,3.0,3,0.5003049144333157,0.012890271560625626,0.33333549586936817,3333354.9586936818,575.0,565.0,-0.017391304347826087,-0.021391304347826087,-0.005797139058597707,-0.00713048104207518,threshold,,,,False,10000000.0,-57971.390585977075,-71304.8104207518,-0.019780433898797443,-0.023780433898797446,-197804.33898797442,-237804.33898797445,11705147.674381092
2026-01-26,3,INTD,0.5254386170926013,0.4973959579210481,2.0,2,0.5003049144333157,0.012632300548967449,0.3266645041306319,3266645.041306319,370.0,348.0,-0.05945945945945946,-0.06345945945945947,-0.019423294840199737,-0.020729952856722265,threshold,,,,False,10000000.0,-194232.94840199736,-207299.52856722265,-0.019780433898797443,-0.023780433898797446,-197804.33898797442,-237804.33898797445,11705147.674381092
2026-01-27,1,LPLI,0.5279208893445053,0.44791491318219673,1.0,1,0.5012007173421644,0.01475180847969901,0.34,3400000.0000000005,352.0,340.0,-0.03409090909090909,-0.03809090909090909,-0.011590909090909091,-0.012950909090909093,threshold,,,,False,10000000.0,-115909.09090909091,-129509.09090909093,-0.05911436457287607,-0.0631142608460242,-591143.6457287606,-631142.6084602419,11074005.06592085
2026-01-27,2,PTSP,0.5217636195882985,0.4973959579210481,2.0,2,0.5012007173421644,0.010334997785781362,0.34,3400000.0000000005,990.0,950.0,-0.04040404040404041,-0.044404040404040404,-0.013737373737373739,-0.01509737373737374,threshold,,,,False,10000000.0,-137373.7373737374,-150973.7373737374,-0.05911436457287607,-0.0631142608460242,-591143.6457287606,-631142.6084602419,11074005.06592085
2026-01-27,3,DMMX,0.5201974230428155,0.5176584603125073,3.0,3,0.5012007173421644,0.009162900276642193,0.31997406828703007,3199740.6828703005,322.0,288.0,-0.10559006211180125,-0.10959006211180125,-0.03378608174459324,-0.03506597801774136,threshold,,,,False,10000000.0,-337860.81744593236,-350659.7801774136,-0.05911436457287607,-0.0631142608460242,-591143.6457287606,-631142.6084602419,11074005.06592085
2026-01-28,1,CBUT,0.5310214269269422,0.4973959579210481,1.0,1,0.5029153266794133,0.014126239591484261,0.34,3400000.0000000005,980.0,1005.0,0.025510204081632654,0.021510204081632654,0.008673469387755104,0.007313469387755103,threshold,,,,False,10000000.0,86734.69387755104,73134.69387755102,0.007993857737269667,0.003993857737269666,79938.57737269667,39938.57737269666,11113943.643293547
2026-01-28,2,VERN,0.5310214269269422,0.4973959579210481,2.0,2,0.5029153266794133,0.014126239591484261,0.34,3400000.0000000005,102.0,99.0,-0.029411764705882353,-0.03341176470588235,-0.01,-0.01136,threshold,,,,False,10000000.0,-100000.0,-113600.0,0.007993857737269667,0.003993857737269666,79938.57737269667,39938.57737269666,11113943.643293547
2026-01-28,3,PZZA,0.5254653969427638,0.42164947065131486,3.0,3,0.5029153266794133,0.013041845073658829,0.32,3200000.0,206.0,212.0,0.02912621359223301,0.02512621359223301,0.009320388349514564,0.008040388349514564,threshold,,,,False,10000000.0,93203.88349514564,80403.88349514564,0.007993857737269667,0.003993857737269666,79938.57737269667,39938.57737269666,11113943.643293547
2026-01-29,1,PMUI,0.5037032025562643,0.5304304556528008,1.0,1,0.48766086131907593,0.007532994865008839,0.34,3400000.0000000005,128.0,133.0,0.0390625,0.035062499999999996,0.013281250000000001,0.01192125,threshold,,,,False,10000000.0,132812.5,119212.5,0.03210224685378374,0.02810224685378374,321022.46853783744,281022.4685378374,11394966.111831384
2026-01-29,2,GLVA,0.501956889453188,0.4973959579210481,2.0,2,0.48766086131907593,0.007185241525879116,0.34,3400000.0000000005,366.0,388.0,0.060109289617486336,0.05610928961748633,0.020437158469945357,0.019077158469945354,threshold,,,,False,10000000.0,204371.58469945358,190771.58469945352,0.03210224685378374,0.02810224685378374,321022.46853783744,281022.4685378374,11394966.111831384
2026-01-29,3,VINS,0.4987606782655028,0.5384449840801552,3.0,3,0.48766086131907593,0.005123176187415416,0.32,3200000.0,198.0,197.0,-0.005050505050505051,-0.009050505050505052,-0.0016161616161616164,-0.0028961616161616165,threshold,,,,False,10000000.0,-16161.616161616164,-28961.616161616166,0.03210224685378374,0.02810224685378374,321022.46853783744,281022.4685378374,11394966.111831384
2026-01-30,1,MGLV,0.5310214269269422,0.4973959579210481,1.0,1,0.5048736382837915,0.013141984263473658,0.34,3400000.0000000005,2330.0,2230.0,-0.04291845493562232,-0.046918454935622314,-0.014592274678111588,-0.015952274678111587,threshold,,,,False,10000000.0,-145922.7467811159,-159522.74678111586,-0.009464743205752529,-0.013464743205752527,-94647.4320575253,-134647.43205752526,11260318.679773858
2026-01-30,2,TRUS,0.5310214269269422,0.4973959579210481,2.0,2,0.5048736382837915,0.013141984263473658,0.34,3400000.0000000005,406.0,410.0,0.009852216748768473,0.005852216748768473,0.003349753694581281,0.001989753694581281,threshold,,,,False,10000000.0,33497.53694581281,19897.536945812808,-0.009464743205752529,-0.013464743205752527,-94647.4320575253,-134647.43205752526,11260318.679773858
2026-01-30,3,SHID,0.5217978135287001,0.4973959579210481,3.0,3,0.5048736382837915,0.008506158886943616,0.31999999999999995,3199999.9999999995,900.0,905.0,0.005555555555555556,0.0015555555555555557,0.0017777777777777776,0.0004977777777777778,threshold,,,,False,10000000.0,17777.777777777777,4977.777777777777,-0.009464743205752529,-0.013464743205752527,-94647.4320575253,-134647.43205752526,11260318.679773858
2026-02-03,1,LCKM,0.5274777148855042,0.2470663067077162,1.0,1,0.4888946374918491,0.029050498960586778,0.34,3400000.0000000005,232.0,258.0,0.11206896551724138,0.10806896551724138,0.038103448275862074,0.036743448275862074,threshold,,,,False,10000000.0,381034.48275862075,367434.48275862075,0.04772731499084126,0.04372731499084126,477273.1499084126,437273.14990841266,11697591.82968227
2026-02-03,2,MYOH,0.522670675915434,0.4973959579210481,3.0,3,0.4888946374918491,0.01697597343710779,0.3371231307664199,3371231.3076641993,1395.0,1375.0,-0.014336917562724014,-0.018336917562724014,-0.0048333065342855905,-0.0061817990573512695,threshold,,,,False,10000000.0,-48333.0653428559,-61817.990573512696,0.04772731499084126,0.04372731499084126,477273.1499084126,437273.14990841266,11697591.82968227
2026-02-03,3,FITT,0.5228647972992984,0.5213859107460357,2.0,2,0.4888946374918491,0.016258597098053957,0.32287686923358005,3228768.6923358007,402.0,420.0,0.04477611940298507,0.040776119402985075,0.014457173249264777,0.013165665772330458,threshold,,,,False,10000000.0,144571.73249264777,131656.65772330458,0.04772731499084126,0.04372731499084126,477273.1499084126,437273.14990841266,11697591.82968227
2026-02-04,1,TIFA,0.5269787946658426,0.42393889030829407,3.0,3,0.5038467729454588,0.013325458101656973,0.33944061637759304,3394406.16377593,342.0,388.0,0.13450292397660818,0.13050292397660818,0.04565575541920842,0.044297992953698045,threshold,,,,False,10000000.0,456557.5541920842,442979.92953698046,0.09399591618057672,0.08999591618057672,939959.1618057672,899959.1618057672,12597550.991488038
2026-02-04,2,LION,0.5322976855042966,0.5338684227678979,1.0,1,0.5038467729454588,0.013261868744743686,0.3378207988567968,3378207.988567968,392.0,444.0,0.1326530612244898,0.1286530612244898,0.04481296311365672,0.04346167991822953,threshold,,,,False,10000000.0,448129.6311365672,434616.7991822953,0.09399591618057672,0.08999591618057672,939959.1618057672,899959.1618057672,12597550.991488038
2026-02-04,3,OBAT,0.528420454406682,0.484416504481899,2.0,2,0.5038467729454588,0.012669784585525805,0.32273858476561024,3227385.8476561024,366.0,370.0,0.01092896174863388,0.00692896174863388,0.003527197647711587,0.0022362433086491463,threshold,,,,False,10000000.0,35271.97647711587,22362.433086491463,0.09399591618057672,0.08999591618057672,939959.1618057672,899959.1618057672,12597550.991488038
2026-02-05,1,JIHD,0.5218171576417251,0.33550021150731,2.0,2,0.503093874578205,0.01244161763559788,0.34,3400000.0000000005,520.0,525.0,0.009615384615384616,0.005615384615384616,0.0032692307692307695,0.0019092307692307696,threshold,,,,False,10000000.0,32692.307692307695,19092.307692307695,-0.018009520951283726,-0.02200952095128373,-180095.2095128373,-220095.2095128373,12377455.7819752
2026-02-05,2,TFAS,0.5234683053849888,0.5438972835018706,1.0,1,0.503093874578205,0.009292833238077268,0.3302636643542871,3302636.6435428713,210.0,206.0,-0.01904761904761905,-0.02304761904761905,-0.006290736463891184,-0.007611791121308332,threshold,,,,False,10000000.0,-62907.364638911844,-76117.91121308332,-0.018009520951283726,-0.02200952095128373,-180095.2095128373,-220095.2095128373,12377455.7819752
2026-02-05,3,PMUI,0.5211161587371571,0.4851931430095778,3.0,3,0.503093874578205,0.009277995463658421,0.32973633564571286,3297363.3564571287,132.0,126.0,-0.045454545454545456,-0.04945454545454546,-0.014988015256623313,-0.016306960599206166,threshold,,,,False,10000000.0,-149880.15256623313,-163069.60599206167,-0.018009520951283726,-0.02200952095128373,-180095.2095128373,-220095.2095128373,12377455.7819752
2026-02-06,1,GRIA,0.5365710681152884,0.32969004669165497,1.0,1,0.5072208580142304,0.019673737962430292,0.34,3400000.0000000005,117.0,124.0,0.05982905982905983,0.055829059829059835,0.020341880341880343,0.018981880341880347,threshold,,,,False,10000000.0,203418.80341880344,189818.80341880347,-0.01885303001092473,-0.022853030010924723,-188530.30010924727,-228530.30010924724,12148925.481865954
2026-02-06,2,SHIP,0.5352815866082655,0.3499870077205637,2.0,2,0.5072208580142304,0.018239838158949882,0.34,3400000.0000000005,3990.0,4050.0,0.015037593984962405,0.011037593984962405,0.005112781954887218,0.003752781954887218,threshold,,,,False,10000000.0,51127.81954887218,37527.81954887218,-0.01885303001092473,-0.022853030010924723,-188530.30010924727,-228530.30010924724,12148925.481865954
2026-02-06,3,ASPI,0.5282281810739627,0.48693269780526716,3.0,3,0.5072208580142304,0.01077817056859005,0.31999999999999984,3199999.9999999986,390.0,336.0,-0.13846153846153847,-0.14246153846153847,-0.04430769230769229,-0.04558769230769229,threshold,,,,False,10000000.0,-443076.9230769229,-455876.9230769229,-0.01885303001092473,-0.022853030010924723,-188530.30010924727,-228530.30010924724,12148925.481865954
2026-02-09,1,PMUI,0.5345118161757321,0.6052874714310951,1.0,1,0.50517991652707,0.011577668278052799,0.34,3400000.0000000005,127.0,136.0,0.07086614173228346,0.06686614173228346,0.02409448818897638,0.022734488188976377,threshold,,,,False,10000000.0,240944.8818897638,227344.88188976375,0.018586404510087126,0.014586404510087124,185864.04510087127,145864.04510087124,12294789.526966825
2026-02-09,2,APLI,0.5277651042316714,0.4973959579210481,2.0,2,0.50517991652707,0.011351406631444558,0.34,3400000.0000000005,338.0,320.0,-0.05325443786982249,-0.05725443786982248,-0.018106508875739648,-0.019466508875739644,threshold,,,,False,10000000.0,-181065.08875739647,-194665.08875739644,0.018586404510087126,0.014586404510087124,185864.04510087127,145864.04510087124,12294789.526966825
2026-02-09,3,KOPI,0.5237661066964506,0.4973959579210481,3.0,3,0.50517991652707,0.009341494305978809,0.32,3200000.0,254.0,264.0,0.03937007874015748,0.035370078740157476,0.012598425196850394,0.011318425196850392,threshold,,,,False,10000000.0,125984.25196850393,113184.25196850392,0.018586404510087126,0.014586404510087124,185864.04510087127,145864.04510087124,12294789.526966825
2026-02-10,1,ATIC,0.5248881496299757,0.40338051324467944,1.0,1,0.501099417258356,0.014192821298115365,0.34,3400000.0000000005,610.0,685.0,0.12295081967213115,0.11895081967213114,0.04180327868852459,0.04044327868852459,threshold,,,,False,10000000.0,418032.78688524594,404432.7868852459,0.08166236327365767,0.07766249912171416,816623.6327365767,776624.9912171416,13071414.518183967
2026-02-10,2,OILS,0.5198956328047595,0.39146957486014283,2.0,2,0.501099417258356,0.01143806903747327,0.34,3400000.0000000005,191.0,210.0,0.09947643979057591,0.0954764397905759,0.03382198952879581,0.03246198952879581,threshold,,,,False,10000000.0,338219.8952879581,324619.8952879581,0.08166236327365767,0.07766249912171416,816623.6327365767,776624.9912171416,13071414.518183967
2026-02-10,3,AKPI,0.519305485565982,0.45282358158556085,3.0,3,0.501099417258356,0.009961931249975395,0.31996603798587514,3199660.3798587513,530.0,540.0,0.018867924528301886,0.014867924528301886,0.006037095056337267,0.004757230904393766,threshold,,,,False,10000000.0,60370.950563372666,47572.30904393766,0.08166236327365767,0.07766249912171416,816623.6327365767,776624.9912171416,13071414.518183967
2026-02-11,1,NOBU,0.5141935501189512,0.16046930849613825,3.0,3,0.4975384610460834,0.013982458446403098,0.34,3400000.0000000005,520.0,525.0,0.009615384615384616,0.005615384615384616,0.0032692307692307695,0.0019092307692307696,threshold,,,,False,10000000.0,32692.307692307695,19092.307692307695,0.0019759148347665116,-0.00202408516523349,19759.14834766512,-20240.85165233491,13051173.666531632
2026-02-11,2,PMJS,0.5248144477772161,0.4973959579210481,1.0,1,0.4975384610460834,0.013709021182759146,0.34,3400000.0000000005,114.0,118.0,0.03508771929824561,0.031087719298245612,0.011929824561403509,0.010569824561403509,threshold,,,,False,10000000.0,119298.24561403508,105698.24561403508,0.0019759148347665116,-0.00202408516523349,19759.14834766512,-20240.85165233491,13051173.666531632
2026-02-11,3,PGUN,0.517335661924855,0.42380838202297083,2.0,2,0.4975384610460834,0.011406981205755689,0.31999999999999995,3199999.9999999995,12100.0,11600.0,-0.04132231404958678,-0.04532231404958678,-0.013223140495867767,-0.014503140495867768,threshold,,,,False,10000000.0,-132231.40495867765,-145031.40495867768,0.0019759148347665116,-0.00202408516523349,19759.14834766512,-20240.85165233491,13051173.666531632
2026-02-12,1,FMII,0.5246240699982503,0.4973959579210481,1.0,1,0.49965739850669455,0.012548350008913248,0.34,3400000.0000000005,268.0,268.0,0.0,-0.004,0.0,-0.00136,threshold,,,,False,10000000.0,0.0,-13600.000000000002,0.02687172476646161,0.022871724766461612,268717.2476646161,228717.2476646161,13279890.914196247
2026-02-12,2,PDPP,0.5212313187707575,0.5246337625925311,2.0,2,0.49965739850669455,0.01025551330205633,0.34,3400000.0000000005,308.0,312.0,0.012987012987012988,0.008987012987012988,0.004415584415584416,0.003055584415584416,threshold,,,,False,10000000.0,44155.84415584416,30555.84415584416,0.02687172476646161,0.022871724766461612,268717.2476646161,228717.2476646161,13279890.914196247
2026-02-12,3,SIMP,0.5140693884543983,0.5881446049295314,3.0,3,0.49965739850669455,0.005935655813663156,0.32000000000000006,3200000.0000000005,570.0,610.0,0.07017543859649122,0.06617543859649122,0.022456140350877195,0.021176140350877195,threshold,,,,False,10000000.0,224561.40350877194,211761.40350877194,0.02687172476646161,0.022871724766461612,268717.2476646161,228717.2476646161,13279890.914196247
2026-02-13,1,BOBA,0.5156561493254019,0.4973959579210481,1.0,1,0.5019868421993063,0.006870249013994269,0.34,3400000.0000000005,178.0,179.0,0.0056179775280898875,0.0016179775280898874,0.001910112359550562,0.0005501123595505618,threshold,,,,False,10000000.0,19101.123595505618,5501.123595505618,-0.010049686635424314,-0.014049686635424314,-100496.86635424315,-140496.86635424316,13139394.047842003
2026-02-13,2,TRIS,0.5148354181451918,0.5255678404150631,2.0,2,0.5019868421993063,0.006095777633597536,0.34,3400000.0000000005,199.0,192.0,-0.035175879396984924,-0.03917587939698493,-0.011959798994974876,-0.013319798994974876,threshold,,,,False,10000000.0,-119597.98994974876,-133197.98994974876,-0.010049686635424314,-0.014049686635424314,-100496.86635424315,-140496.86635424316,13139394.047842003
2026-02-13,3,PMUI,0.5141190383019486,0.6256848193543757,3.0,3,0.5019868421993063,0.00454126517578868,0.32,3200000.0,135.0,135.0,0.0,-0.004,0.0,-0.00128,threshold,,,,False,10000000.0,0.0,-12800.000000000002,-0.010049686635424314,-0.014049686635424314,-100496.86635424315,-140496.86635424316,13139394.047842003
2026-02-18,1,AWAN,0.5233971649374196,0.3391173915354197,1.0,1,0.4964190746951511,0.017829350650703242,0.34,3400000.0000000005,170.0,153.0,-0.1,-0.10400000000000001,-0.034,-0.03536,threshold,,,,False,10000000.0,-340000.0,-353600.0,-0.016694905819496068,-0.020694706387537724,-166949.05819496064,-206947.0638753772,12932446.983966626
2026-02-18,2,AMAR,0.5231594233355309,0.41373069766837123,2.0,2,0.4964190746951511,0.015677045541499967,0.34,3400000.0000000005,202.0,208.0,0.0297029702970297,0.0257029702970297,0.0100990099009901,0.0087390099009901,threshold,,,,False,10000000.0,100990.099009901,87390.099009901,-0.016694905819496068,-0.020694706387537724,-166949.05819496064,-206947.0638753772,12932446.983966626
2026-02-18,3,SONA,0.5177549164891345,0.38165118310671214,3.0,3,0.4964190746951511,0.013192992530731999,0.31995014201041433,3199501.420104143,2220.0,2270.0,0.02252252252252252,0.01852252252252252,0.007206084279513836,0.005926283711472179,threshold,,,,False,10000000.0,72060.84279513836,59262.83711472179,-0.016694905819496068,-0.020694706387537724,-166949.05819496064,-206947.0638753772,12932446.983966626
2026-02-19,1,TCID,0.5199979929459149,0.4973959579210481,1.0,1,0.4944372710992906,0.012846922118569136,0.34,3400000.0000000005,3050.0,3010.0,-0.013114754098360656,-0.017114754098360656,-0.004459016393442624,-0.005819016393442624,threshold,,,,False,10000000.0,-44590.16393442624,-58190.16393442624,0.002683133044400631,-0.0013165499037531472,26831.330444006315,-13165.49903753147,12919281.484929094
2026-02-19,2,SKRN,0.5087703750311063,0.4973959579210481,2.0,2,0.4944372710992906,0.007203875971668315,0.34,3400000.0000000005,476.0,482.0,0.012605042016806723,0.008605042016806723,0.004285714285714286,0.002925714285714286,threshold,,,,False,10000000.0,42857.14285714286,29257.14285714286,0.002683133044400631,-0.0013165499037531472,26831.330444006315,-13165.49903753147,12919281.484929094
2026-02-19,3,SPMA,0.5082102528205381,0.5857042219263142,3.0,3,0.4944372710992906,0.005706088178598895,0.31992073703844454,3199207.3703844454,224.0,226.0,0.008928571428571428,0.004928571428571428,0.0028564351521289688,0.0015767522039751907,threshold,,,,False,10000000.0,28564.35152128969,15767.522039751908,0.002683133044400631,-0.0013165499037531472,26831.330444006315,-13165.49903753147,12919281.484929094
2026-02-20,1,RDTX,0.534720276196698,0.4973959579210481,1.0,1,0.5029057512263646,0.015990108846911332,0.34,3400000.0000000005,15025.0,16100.0,0.07154742096505824,0.06754742096505824,0.024326123128119805,0.022966123128119804,threshold,,,,False,10000000.0,243261.23128119804,229661.23128119804,0.08180910481089246,0.07780912073774425,818091.0481089246,778091.2073774425,13697372.692306537
2026-02-20,2,MYOH,0.5277153225538734,0.4973959579210481,2.0,2,0.5029057512263646,0.012469390831452007,0.34,3400000.0000000005,1380.0,1375.0,-0.0036231884057971015,-0.007623188405797102,-0.0012318840579710146,-0.0025918840579710147,threshold,,,,False,10000000.0,-12318.840579710146,-25918.840579710148,0.08180910481089246,0.07780912073774425,818091.0481089246,778091.2073774425,13697372.692306537
2026-02-20,3,IKBI,0.5260372707802662,0.4973959579210481,3.0,3,0.5029057512263646,0.011625995227219249,0.319996018287053,3199960.18287053,545.0,645.0,0.1834862385321101,0.1794862385321101,0.05871486574074367,0.05743488166759546,threshold,,,,False,10000000.0,587148.6574074368,574348.8166759546,0.08180910481089246,0.07780912073774425,818091.0481089246,778091.2073774425,13697372.692306537
2026-02-23,1,JSPT,0.5262215055305474,0.33844533579315683,1.0,1,0.49874564356866036,0.018176784633989734,0.34,3400000.0000000005,2250.0,1480.0,-0.3422222222222222,-0.3462222222222222,-0.11635555555555556,-0.11771555555555556,threshold,,,,False,10000000.0,-1163555.5555555555,-1177155.5555555555,-0.10355806498500392,-0.10755781404205908,-1035580.649850039,-1075578.1404205908,12621794.551885946
2026-02-23,2,TRUS,0.5254449454259555,0.4973959579210481,2.0,2,0.49874564356866036,0.01341917703416263,0.34,3400000.0000000005,422.0,422.0,0.0,-0.004,0.0,-0.00136,threshold,,,,False,10000000.0,0.0,-13600.000000000002,-0.10355806498500392,-0.10755781404205908,-1035580.649850039,-1075578.1404205908,12621794.551885946
2026-02-23,3,IKPM,0.5213376819399155,0.5134442179995865,3.0,3,0.49874564356866036,0.010992286896709383,0.3199372642637912,3199372.642637912,250.0,260.0,0.04,0.036000000000000004,0.01279749057055165,0.011517741513496485,threshold,,,,False,10000000.0,127974.90570551649,115177.41513496485,-0.10355806498500392,-0.10755781404205908,-1035580.649850039,-1075578.1404205908,12621794.551885946
2026-02-24,1,BPII,0.5287886040743589,0.4973959579210481,1.0,1,0.5096350253312948,0.009626666096541515,0.34,3400000.0000000005,490.0,444.0,-0.09387755102040816,-0.09787755102040817,-0.03191836734693878,-0.03327836734693878,threshold,,,,False,10000000.0,-319183.6734693878,-332783.6734693878,-0.017147250766519625,-0.02114700391487635,-171472.50766519626,-211470.03914876352,12410324.512737183
2026-02-24,2,RANC,0.5266795244845462,0.4973959579210481,2.0,2,0.5096350253312948,0.008566634169635457,0.34,3400000.0000000005,670.0,705.0,0.05223880597014925,0.04823880597014925,0.017761194029850748,0.016401194029850744,threshold,,,,False,10000000.0,177611.94029850748,164011.94029850746,-0.017147250766519625,-0.02114700391487635,-171472.50766519626,-211470.03914876352,12410324.512737183
2026-02-24,3,PEVE,0.5241937057556434,0.516975042279754,3.0,3,0.5096350253312948,0.007032205996433557,0.3199382870891805,3199382.870891805,535.0,530.0,-0.009345794392523364,-0.013345794392523364,-0.002990077449431593,-0.004269830597788315,threshold,,,,False,10000000.0,-29900.77449431593,-42698.30597788315,-0.017147250766519625,-0.02114700391487635,-171472.50766519626,-211470.03914876352,12410324.512737183
2026-02-25,1,PEHA,0.5224770436009679,0.3988659314873798,2.0,2,0.49904182811510334,0.014087706431487736,0.34,3400000.0000000005,294.0,292.0,-0.006802721088435374,-0.010802721088435375,-0.0023129251700680273,-0.003672925170068028,threshold,,,,False,10000000.0,-23129.251700680274,-36729.25170068028,-0.026656452308472176,-0.030656106885005995,-266564.52308472176,-306561.06885006,12103763.443887122
2026-02-25,2,PZZA,0.5231594233355309,0.5216465250286232,1.0,1,0.49904182811510334,0.01153673548164459,0.34,3400000.0000000005,214.0,208.0,-0.028037383177570093,-0.03203738317757009,-0.009532710280373832,-0.010892710280373832,threshold,,,,False,10000000.0,-95327.10280373832,-108927.10280373832,-0.026656452308472176,-0.030656106885005995,-266564.52308472176,-306561.06885006,12103763.443887122
2026-02-25,3,MTLA,0.5210630462283639,0.5908343486441577,3.0,3,0.49904182811510334,0.009010326052961313,0.31991364413345486,3199136.4413345484,540.0,515.0,-0.046296296296296294,-0.0502962962962963,-0.014810816858030316,-0.016090471434564137,threshold,,,,False,10000000.0,-148108.16858030317,-160904.71434564138,-0.026656452308472176,-0.030656106885005995,-266564.52308472176,-306561.06885006,12103763.443887122
2026-02-26,1,ADMG,0.5247690552412596,0.2078702418845644,3.0,3,0.5036753568221053,0.016708946226524655,0.34,3400000.0000000005,210.0,202.0,-0.0380952380952381,-0.0420952380952381,-0.012952380952380955,-0.014312380952380957,threshold,,,,False,10000000.0,-129523.80952380954,-143123.80952380956,-0.14186766461460837,-0.14586607699853127,-1418676.6461460837,-1458660.7699853126,10645102.67390181
2026-02-26,2,SMKM,0.525458053235915,0.4822157832814061,1.0,1,0.5036753568221053,0.01127873640064338,0.34,3400000.0000000005,122.0,93.0,-0.23770491803278687,-0.24170491803278688,-0.08081967213114755,-0.08217967213114755,threshold,,,,False,10000000.0,-808196.7213114755,-821796.7213114755,-0.14186766461460837,-0.14586607699853127,-1418676.6461460837,-1458660.7699853126,10645102.67390181
2026-02-26,3,GPSO,0.524782777254286,0.7412262899987468,2.0,2,0.5036753568221053,0.00546204549379166,0.31960309598072423,3196030.9598072423,412.0,350.0,-0.15048543689320387,-0.15448543689320388,-0.04809561153107986,-0.04937402391500276,threshold,,,,False,10000000.0,-480956.1153107986,-493740.23915002757,-0.14186766461460837,-0.14586607699853127,-1418676.6461460837,-1458660.7699853126,10645102.67390181
2026-02-27,1,POLI,0.5187706731072904,0.37470694410776384,3.0,3,0.4973567691014096,0.013389965474420226,0.34,3400000.0000000005,1500.0,1000.0,-0.3333333333333333,-0.3373333333333333,-0.11333333333333334,-0.11469333333333334,threshold,,,,False,10000000.0,-1133333.3333333335,-1146933.3333333335,-0.012346756526649044,-0.01634671105907788,-123467.56526649056,-163467.11059077887,10481635.563311031
2026-02-27,2,INCI,0.5230357907211846,0.5424156374585823,1.0,1,0.4973567691014096,0.011750318738572015,0.34,3400000.0000000005,710.0,705.0,-0.007042253521126761,-0.011042253521126762,-0.0023943661971830986,-0.003754366197183099,threshold,,,,False,10000000.0,-23943.661971830985,-37543.66197183099,-0.012346756526649044,-0.01634671105907788,-123467.56526649056,-163467.11059077887,10481635.563311031
2026-02-27,3,OILS,0.5187822072644335,0.4973959579210481,2.0,2,0.4973567691014096,0.010768511824048442,0.3199886331072086,3199886.331072086,195.0,258.0,0.3230769230769231,0.3190769230769231,0.1033809430038674,0.10210098847143856,threshold,,,,False,10000000.0,1033809.4300386739,1021009.8847143856,-0.012346756526649044,-0.01634671105907788,-123467.56526649056,-163467.11059077887,10481635.563311031
2026-03-02,1,CSIS,0.5272299747388057,0.38891705882816724,2.0,2,0.5135507411871749,0.00835914627170697,0.34,3400000.0000000005,206.0,155.0,-0.24757281553398058,-0.2515728155339806,-0.08417475728155341,-0.08553475728155341,threshold,,,,False,10000000.0,-841747.5728155341,-855347.5728155341,-0.14988155498835112,-0.1538815549883511,-1498815.5498835112,-1538815.5498835112,8942820.01342752
2026-03-02,2,WOOD,0.5273683900943817,0.4586208599542891,1.0,1,0.5135507411871749,0.007480586882837188,0.34,3400000.0000000005,330.0,304.0,-0.07878787878787878,-0.08278787878787879,-0.026787878787878788,-0.028147878787878788,threshold,,,,False,10000000.0,-267878.7878787879,-281478.7878787879,-0.14988155498835112,-0.1538815549883511,-1498815.5498835112,-1538815.5498835112,8942820.01342752
2026-03-02,3,DOOH,0.5269714576428972,0.5572976744811445,3.0,3,0.5135507411871749,0.00594138238507743,0.32,3200000.0,148.0,130.0,-0.12162162162162163,-0.12562162162162163,-0.038918918918918924,-0.04019891891891892,threshold,,,,False,10000000.0,-389189.18918918923,-401989.18918918923,-0.14988155498835112,-0.1538815549883511,-1498815.5498835112,-1538815.5498835112,8942820.01342752
2026-03-03,1,PEHA,0.531643996993572,0.393581265720511,2.0,2,0.507184695100045,0.01483257889563253,0.34,3400000.0000000005,282.0,278.0,-0.014184397163120567,-0.018184397163120567,-0.004822695035460993,-0.006182695035460993,threshold,,,,False,10000000.0,-48226.95035460993,-61826.95035460993,-0.038204281868709805,-0.04220428186870981,-382042.81868709804,-422042.81868709804,8520777.194740422
2026-03-03,2,TALF,0.5345199721274856,0.4973959579210481,1.0,1,0.507184695100045,0.013738820725339534,0.34,3400000.0000000005,545.0,525.0,-0.03669724770642202,-0.040697247706422024,-0.012477064220183487,-0.013837064220183489,threshold,,,,False,10000000.0,-124770.64220183487,-138370.64220183488,-0.038204281868709805,-0.04220428186870981,-382042.81868709804,-422042.81868709804,8520777.194740422
2026-03-03,3,RAAM,0.5311104303429302,0.5759945959513785,3.0,3,0.507184695100045,0.010144641038819843,0.3199999999999999,3199999.999999999,199.0,186.0,-0.06532663316582915,-0.06932663316582915,-0.020904522613065323,-0.022184522613065322,threshold,,,,False,10000000.0,-209045.22613065323,-221845.22613065323,-0.038204281868709805,-0.04220428186870981,-382042.81868709804,-422042.81868709804,8520777.194740422
2026-03-04,1,BMSR,0.5334732577948963,0.4973959579210481,1.0,1,0.5163499281054623,0.00860625471576004,0.34,3400000.0000000005,310.0,340.0,0.0967741935483871,0.09277419354838709,0.032903225806451615,0.031543225806451615,threshold,,,,False,10000000.0,329032.2580645161,315432.2580645161,0.049153541416814266,0.04515354141681427,491535.41416814266,451535.4141681426,8972312.608908564
2026-03-04,2,KONI,0.5306841439579414,0.4973959579210481,2.0,2,0.5163499281054623,0.007204434827488171,0.33428639990700926,3342863.9990700926,1555.0,1550.0,-0.003215434083601286,-0.007215434083601286,-0.0010748758839453673,-0.0024120214835734043,threshold,,,,False,10000000.0,-10748.758839453672,-24120.21483573404,0.049153541416814266,0.04515354141681427,491535.41416814266,451535.4141681426,8972312.608908564
2026-03-04,3,GSMF,0.5303165419166127,0.4973959579210481,3.0,3,0.5163499281054623,0.007019676555639899,0.3257136000929907,3257136.000929907,94.0,99.0,0.05319148936170213,0.04919148936170213,0.01732519149430802,0.016022337093936054,threshold,,,,False,10000000.0,173251.9149430802,160223.37093936055,0.049153541416814266,0.04515354141681427,491535.41416814266,451535.4141681426,8972312.608908564
2026-03-05,1,TRUS,0.5385321424893714,0.4973959579210481,1.0,1,0.513133983884685,0.012765217176077707,0.34,3400000.0000000005,418.0,410.0,-0.019138755980861243,-0.023138755980861243,-0.006507177033492823,-0.007867177033492823,threshold,,,,False,10000000.0,-65071.77033492823,-78671.77033492822,-0.05278719668028282,-0.05678709916179028,-527871.9668028282,-567870.9916179029,8404441.61729066
2026-03-05,2,VOKS,0.5284394560125985,0.48217608869190415,3.0,3,0.513133983884685,0.007925539441693184,0.34,3400000.0000000005,208.0,196.0,-0.057692307692307696,-0.0616923076923077,-0.019615384615384618,-0.020975384615384618,threshold,,,,False,10000000.0,-196153.84615384619,-209753.84615384619,-0.05278719668028282,-0.05678709916179028,-527871.9668028282,-567870.9916179029,8404441.61729066
2026-03-05,3,MINE,0.5293149607708605,0.5642303185850078,2.0,2,0.513133983884685,0.007051179142672041,0.31997562037686456,3199756.2037686454,384.0,352.0,-0.08333333333333333,-0.08733333333333333,-0.026664635031405377,-0.02794453751291284,threshold,,,,False,10000000.0,-266646.35031405377,-279445.3751291284,-0.05278719668028282,-0.05678709916179028,-527871.9668028282,-567870.9916179029,8404441.61729066
2026-03-06,1,UFOE,0.5451157290954407,0.3302580588385657,1.0,1,0.5194326997637282,0.017201001919527194,0.34,3400000.0000000005,144.0,138.0,-0.041666666666666664,-0.04566666666666666,-0.014166666666666668,-0.015526666666666666,threshold,,,,False,10000000.0,-141666.6666666667,-155266.66666666666,-0.008163265306122446,-0.012163265306122445,-81632.65306122447,-121632.65306122445,8282808.964229437
2026-03-06,2,KMDS,0.5382863157232379,0.32713106839416867,2.0,2,0.5194326997637282,0.01268601242758197,0.34,3400000.0000000005,600.0,625.0,0.041666666666666664,0.03766666666666667,0.014166666666666668,0.012806666666666668,threshold,,,,False,10000000.0,141666.6666666667,128066.66666666667,-0.008163265306122446,-0.012163265306122445,-81632.65306122447,-121632.65306122445,8282808.964229437
2026-03-06,3,LION,0.5318509651052774,0.4973959579210481,3.0,3,0.5194326997637282,0.006241470356271593,0.3199999999999999,3199999.999999999,392.0,382.0,-0.025510204081632654,-0.029510204081632654,-0.008163265306122446,-0.009443265306122446,threshold,,,,False,10000000.0,-81632.65306122447,-94432.65306122447,-0.008163265306122446,-0.012163265306122445,-81632.65306122447,-121632.65306122445,8282808.964229437
2026-03-09,1,TFAS,0.5726954501591197,0.360124886154921,1.0,1,0.5616979769228783,0.007037009439048208,0.34,3400000.0000000005,202.0,199.0,-0.01485148514851485,-0.01885148514851485,-0.00504950495049505,-0.00640950495049505,threshold,,,,False,10000000.0,-50495.0495049505,-64095.0495049505,-0.01056085303579439,-0.014560796157160431,-105608.5303579439,-145607.9615716043,8137201.002657833
2026-03-09,2,KAEF,0.5723057460474216,0.41893518372770583,2.0,2,0.5616979769228783,0.006163801417411673,0.34,3400000.0000000005,460.0,470.0,0.021739130434782608,0.017739130434782608,0.007391304347826087,0.006031304347826087,threshold,,,,False,10000000.0,73913.04347826086,60313.04347826087,-0.01056085303579439,-0.014560796157160431,-105608.5303579439,-145607.9615716043,8137201.002657833
2026-03-09,3,WAPO,0.5696011584803817,0.2899354788245707,3.0,3,0.5616979769228783,0.005611768828391184,0.3199857803415106,3199857.803415106,124.0,119.0,-0.04032258064516129,-0.044322580645161286,-0.012902652433125427,-0.014182595554491468,threshold,,,,False,10000000.0,-129026.52433125427,-141825.95554491467,-0.01056085303579439,-0.014560796157160431,-105608.5303579439,-145607.9615716043,8137201.002657833
2026-03-10,1,DMMX,0.5316011393671967,0.5679086486029088,1.0,1,0.5034105555820633,0.012180907444391214,0.34,3400000.0000000005,204.0,204.0,0.0,-0.004,0.0,-0.00136,threshold,,,,False,10000000.0,0.0,-13600.000000000002,0.01320388349514563,0.009203883495145629,132038.83495145632,92038.83495145629,8229239.837609289
2026-03-10,2,CRSN,0.5230155423657786,0.39459249968523924,2.0,2,0.5034105555820633,0.011869006042433038,0.34,3400000.0000000005,103.0,107.0,0.038834951456310676,0.03483495145631067,0.01320388349514563,0.011843883495145629,threshold,,,,False,10000000.0,132038.83495145632,118438.83495145629,0.01320388349514563,0.009203883495145629,132038.83495145632,92038.83495145629,8229239.837609289
2026-03-10,3,LPPS,0.5206115131364166,0.44227914547768926,3.0,3,0.5034105555820633,0.00959333274581595,0.31999999999999995,3199999.9999999995,81.0,81.0,0.0,-0.004,0.0,-0.0012799999999999999,threshold,,,,False,10000000.0,0.0,-12799.999999999998,0.01320388349514563,0.009203883495145629,132038.83495145632,92038.83495145629,8229239.837609289
2026-03-11,1,GPSO,0.5351400513427966,0.4135529097431639,1.0,1,0.5130541239650507,0.012952227846302908,0.34,3400000.0000000005,324.0,308.0,-0.04938271604938271,-0.05338271604938272,-0.016790123456790124,-0.018150123456790124,threshold,,,,False,10000000.0,-167901.23456790124,-181501.23456790124,-0.021191045115776297,-0.0251910451157763,-211910.45115776296,-251910.45115776302,7977329.386451527
2026-03-11,2,GSMF,0.5310992484340336,0.3123924352685474,2.0,2,0.5130541239650507,0.012407964091393262,0.34,3400000.0000000005,84.0,81.0,-0.03571428571428571,-0.039714285714285716,-0.012142857142857143,-0.013502857142857145,threshold,,,,False,10000000.0,-121428.57142857142,-135028.57142857145,-0.021191045115776297,-0.0251910451157763,-211910.45115776296,-251910.45115776302,7977329.386451527
2026-03-11,3,OBMD,0.5300164316782293,0.4973959579210481,3.0,3,0.5130541239650507,0.008525324419630567,0.32,3200000.0,248.0,254.0,0.024193548387096774,0.020193548387096773,0.007741935483870968,0.006461935483870968,threshold,,,,False,10000000.0,77419.35483870968,64619.35483870968,-0.021191045115776297,-0.0251910451157763,-211910.45115776296,-251910.45115776302,7977329.386451527
2026-03-12,1,TALF,0.5371557406168235,0.4973959579210481,1.0,1,0.51388066550146,0.011698146832672883,0.34,3400000.0000000005,525.0,525.0,0.0,-0.004,0.0,-0.00136,threshold,,,,False,10000000.0,0.0,-13600.000000000002,-0.02040622663788827,-0.024406105172616623,-204062.2663788827,-244061.05172616622,7733268.33472536
2026-03-12,2,INCI,0.5314532481876223,0.4973959579210481,2.0,2,0.51388066550146,0.00883205108783175,0.34,3400000.0000000005,685.0,685.0,0.0,-0.004,0.0,-0.00136,threshold,,,,False,10000000.0,0.0,-13600.000000000002,-0.02040622663788827,-0.024406105172616623,-204062.2663788827,-244061.05172616622,7733268.33472536
2026-03-12,3,LINK,0.5293073101517021,0.4973959579210481,3.0,3,0.51388066550146,0.007753493956927277,0.3199696336820881,3199696.336820881,1960.0,1835.0,-0.06377551020408163,-0.06777551020408164,-0.02040622663788827,-0.021686105172616623,threshold,,,,False,10000000.0,-204062.2663788827,-216861.05172616622,-0.02040622663788827,-0.024406105172616623,-204062.2663788827,-244061.05172616622,7733268.33472536
2026-03-13,1,MCAS,0.5626851046446092,0.42272364882626245,1.0,1,0.5516382427443717,0.006377092129689293,0.34,3400000.0000000005,446.0,434.0,-0.026905829596412557,-0.030905829596412557,-0.00914798206278027,-0.01050798206278027,threshold,,,,False,10000000.0,-91479.82062780269,-105079.82062780269,-0.02576658218312531,-0.02976621439239188,-257665.8218312531,-297662.1439239188,7435606.190801442
2026-03-13,2,FORU,0.5620913323559554,0.5102449485193391,2.0,2,0.5516382427443717,0.005119453440853163,0.34,3400000.0000000005,1185.0,1185.0,0.0,-0.004,0.0,-0.00136,threshold,,,,False,10000000.0,0.0,-13600.000000000002,-0.02576658218312531,-0.02976621439239188,-257665.8218312531,-297662.1439239188,7435606.190801442
2026-03-13,3,FUJI,0.5599033429432703,0.5215107241115124,3.0,3,0.5516382427443717,0.0039547618093167805,0.319908052316642,3199080.52316642,308.0,292.0,-0.05194805194805195,-0.055948051948051955,-0.01661860012034504,-0.01789823232961161,threshold,,,,False,10000000.0,-166186.0012034504,-178982.32329611608,-0.02576658218312531,-0.02976621439239188,-257665.8218312531,-297662.1439239188,7435606.190801442
2026-03-16,1,GOLD,0.5438175100881811,0.49694828107067257,1.0,1,0.5239220386333634,0.01000845111425543,0.34,3400000.0000000005,268.0,290.0,0.08208955223880597,0.07808955223880597,0.027910447761194033,0.02655044776119403,threshold,,,,False,10000000.0,279104.47761194035,265504.4776119403,0.03229400940502965,0.028294009405029644,322940.0940502965,282940.09405029647,7718546.284851738
2026-03-16,2,BOLA,0.5411241679211465,0.47635226423720683,2.0,2,0.5239220386333634,0.009007856051846442,0.34,3400000.0000000005,146.0,146.0,0.0,-0.004,0.0,-0.00136,threshold,,,,False,10000000.0,0.0,-13600.000000000002,0.03229400940502965,0.028294009405029644,322940.0940502965,282940.09405029647,7718546.284851738
2026-03-16,3,VICO,0.5358582722949256,0.5851485948015634,3.0,3,0.5239220386333634,0.0049517633072759405,0.32,3200000.0,146.0,148.0,0.0136986301369863,0.0096986301369863,0.004383561643835616,0.0031035616438356162,threshold,,,,False,10000000.0,43835.61643835616,31035.616438356163,0.03229400940502965,0.028294009405029644,322940.0940502965,282940.09405029647,7718546.284851738
2026-03-17,1,CAMP,0.5328675976429079,0.5260818118318688,1.0,1,0.511020817273463,0.01035358656999441,0.34,3400000.0000000005,195.0,195.0,0.0,-0.004,0.0,-0.00136,threshold,,,,False,10000000.0,0.0,-13600.000000000002,-0.013296089385474861,-0.017296034826045602,-132960.8938547486,-172960.34826045603,7545585.9365912825
2026-03-17,2,PSSI,0.5285524709818805,0.4973959579210481,2.0,2,0.511020817273463,0.00881148001817907,0.34,3400000.0000000005,358.0,344.0,-0.03910614525139665,-0.04310614525139665,-0.013296089385474861,-0.014656089385474863,threshold,,,,False,10000000.0,-132960.8938547486,-146560.89385474863,-0.013296089385474861,-0.017296034826045602,-132960.8938547486,-172960.34826045603,7545585.9365912825
2026-03-17,3,DYAN,0.5270036127049769,0.4973959579210481,3.0,3,0.511020817273463,0.008033017587599852,0.31998636014268494,3199863.6014268496,81.0,81.0,0.0,-0.004,0.0,-0.0012799454405707398,threshold,,,,False,10000000.0,0.0,-12799.454405707398,-0.013296089385474861,-0.017296034826045602,-132960.8938547486,-172960.34826045603,7545585.9365912825
2026-03-25,1,ARII,0.5344003532636965,0.4973959579210481,1.0,1,0.5110834222461292,0.011719183778305397,0.34,3400000.0000000005,280.0,282.0,0.007142857142857143,0.0031428571428571426,0.002428571428571429,0.0010685714285714285,threshold,,,,False,10000000.0,24285.71428571429,10685.714285714284,0.031155904525959673,0.027155982966948333,311559.0452595967,271559.8296694833,7817145.7662607655
2026-03-25,2,KDTN,0.52857796350505,0.4234287967680127,3.0,3,0.5110834222461292,0.010086848703647613,0.34,3400000.0000000005,920.0,985.0,0.07065217391304347,0.06665217391304347,0.02402173913043478,0.02266173913043478,threshold,,,,False,10000000.0,240217.3913043478,226617.3913043478,0.031155904525959673,0.027155982966948333,311559.0452595967,271559.8296694833,7817145.7662607655
2026-03-25,3,RIGS,0.5291317345109958,0.4973959579210481,2.0,2,0.5110834222461292,0.00907115469702507,0.3199803897528355,3199803.897528355,680.0,690.0,0.014705882352941176,0.010705882352941176,0.004705593966953463,0.003425672407942121,threshold,,,,False,10000000.0,47055.93966953463,34256.72407942121,0.031155904525959673,0.027155982966948333,311559.0452595967,271559.8296694833,7817145.7662607655
2026-03-26,1,BNLI,0.5371518626472336,0.427258476168584,1.0,1,0.5225862217529389,0.008342347361379527,0.34,3400000.0000000005,2450.0,2700.0,0.10204081632653061,0.09804081632653061,0.034693877551020415,0.03333387755102041,threshold,,,,False,10000000.0,346938.77551020414,333338.7755102041,0.22861915138384445,0.22461994276456618,2286191.513838445,2246199.427645662,10063345.193906426
2026-03-26,2,RGAS,0.5322068214037272,0.4973959579210481,2.0,2,0.5225862217529389,0.004835352271709563,0.34,3400000.0000000005,82.0,107.0,0.3048780487804878,0.3008780487804878,0.10365853658536586,0.10229853658536586,threshold,,,,False,10000000.0,1036585.3658536586,1022985.3658536586,0.22861915138384445,0.22461994276456618,2286191.513838445,2246199.427645662,10063345.193906426
2026-03-26,3,BLES,0.5316034347157355,0.6566708605578198,3.0,3,0.5225862217529389,0.003095871966683816,0.3198021548195661,3198021.548195661,124.0,159.0,0.28225806451612906,0.27825806451612906,0.09026673724745818,0.08898752862817991,threshold,,,,False,10000000.0,902667.3724745818,889875.2862817991,0.22861915138384445,0.22461994276456618,2286191.513838445,2246199.427645662,10063345.193906426
2026-03-27,1,SKLT,0.5623409383072419,0.41116514093311063,1.0,1,0.5441039206890327,0.010738591699018576,0.34,3400000.0000000005,218.0,206.0,-0.05504587155963303,-0.059045871559633034,-0.018715596330275232,-0.020075596330275232,threshold,,,,False,10000000.0,-187155.96330275232,-200755.96330275232,-0.00030025137379434234,-0.004299944624588447,-3002.513737943431,-42999.446245884494,10020345.747660542
2026-03-27,2,BATR,0.561441468565985,0.5334684303426349,2.0,2,0.5441039206890327,0.008088513425044273,0.34,3400000.0000000005,84.0,86.0,0.023809523809523808,0.019809523809523808,0.008095238095238095,0.006735238095238095,threshold,,,,False,10000000.0,80952.38095238095,67352.38095238095,-0.00030025137379434234,-0.004299944624588447,-3002.513737943431,-42999.446245884494,10020345.747660542
2026-03-27,3,KMTR,0.5569170979536767,0.4973959579210481,3.0,3,0.5441039206890327,0.006439954685084222,0.31992331269852664,3199233.1269852663,248.0,256.0,0.03225806451612903,0.02825806451612903,0.010320106861242795,0.009040413610448689,threshold,,,,False,10000000.0,103201.06861242795,90404.13610448688,-0.00030025137379434234,-0.004299944624588447,-3002.513737943431,-42999.446245884494,10020345.747660542
2026-03-30,1,PNBN,0.6036397683503628,0.3048666230383149,2.0,2,0.5902809344600172,0.009286171314466173,0.34,3400000.0000000005,960.0,965.0,0.005208333333333333,0.001208333333333333,0.0017708333333333335,0.00041083333333333325,threshold,,,,False,10000000.0,17708.333333333336,4108.333333333332,-0.010623722020681849,-0.01462371861179928,-106237.22020681846,-146237.1861179928,9874108.561542548
2026-03-30,2,PTSN,0.6059033484126299,0.4966611529157543,1.0,1,0.5902809344600172,0.007863367827580944,0.34,3400000.0000000005,322.0,308.0,-0.043478260869565216,-0.04747826086956522,-0.014782608695652174,-0.016142608695652177,threshold,,,,False,10000000.0,-147826.08695652173,-161426.0869565218,-0.010623722020681849,-0.01462371861179928,-106237.22020681846,-146237.1861179928,9874108.561542548
2026-03-30,3,NICE,0.6009401822431515,0.3070924582759019,3.0,3,0.5902809344600172,0.007385873178039642,0.319999147779357,3199991.47779357,268.0,270.0,0.007462686567164179,0.003462686567164179,0.0023880533416369924,0.0011080567505195645,threshold,,,,False,10000000.0,23880.533416369923,11080.567505195646,-0.010623722020681849,-0.01462371861179928,-106237.22020681846,-146237.1861179928,9874108.561542548
2026-03-31,1,IMAS,0.5999245319825416,0.5460623334865835,1.0,1,0.5851791430345259,0.006693487450894964,0.34,3400000.0000000005,925.0,1005.0,0.08648648648648649,0.08248648648648649,0.02940540540540541,0.02804540540540541,threshold,,,,False,10000000.0,294054.0540540541,280454.0540540541,0.03970276938410948,0.035702769384109476,397027.69384109473,357027.69384109473,10231136.255383642
2026-03-31,2,WOOD,0.5950041125327394,0.37728987537865877,3.0,3,0.5851791430345259,0.0061181079806334315,0.34,3400000.0000000005,302.0,300.0,-0.006622516556291391,-0.01062251655629139,-0.002251655629139073,-0.003611655629139073,threshold,,,,False,10000000.0,-22516.556291390727,-36116.55629139073,0.03970276938410948,0.035702769384109476,397027.69384109473,357027.69384109473,10231136.255383642
2026-03-31,3,GPSO,0.5965147625384624,0.5752543702941253,2.0,2,0.5851791430345259,0.00481475484430569,0.32000000000000006,3200000.0000000005,306.0,318.0,0.0392156862745098,0.0352156862745098,0.01254901960784314,0.011269019607843139,threshold,,,,False,10000000.0,125490.1960784314,112690.19607843139,0.03970276938410948,0.035702769384109476,397027.69384109473,357027.69384109473,10231136.255383642
2026-04-01,1,PPRE,0.5655516965295078,0.4417527874708198,1.0,1,0.5481464289525869,0.00971644210814058,0.34,3400000.0000000005,114.0,101.0,-0.11403508771929824,-0.11803508771929824,-0.0387719298245614,-0.0401319298245614,threshold,,,,False,10000000.0,-387719.29824561405,-401319.29824561405,0.0018032053105737356,-0.002196794689426268,18032.053105737315,-21967.946894262685,10209168.30848938
2026-04-01,2,APLI,0.5626023416476617,0.4973959579210481,2.0,2,0.5481464289525869,0.007265600152484997,0.32999999999999996,3299999.9999999995,222.0,212.0,-0.04504504504504504,-0.049045045045045046,-0.014864864864864862,-0.016184864864864864,threshold,,,,False,10000000.0,-148648.6486486486,-161848.64864864864,0.0018032053105737356,-0.002196794689426268,18032.053105737315,-21967.946894262685,10209168.30848938
2026-04-01,3,PNSE,0.5626023416476617,0.4973959579210481,3.0,3,0.5481464289525869,0.007265600152484997,0.32999999999999996,3299999.9999999995,625.0,730.0,0.168,0.164,0.055439999999999996,0.054119999999999994,threshold,,,,False,10000000.0,554400.0,541200.0,0.0018032053105737356,-0.002196794689426268,18032.053105737315,-21967.946894262685,10209168.30848938
2026-04-02,1,BINO,0.5669288881292888,0.4358152551679445,2.0,2,0.5545640392201008,0.006976059126717144,0.34,3400000.0000000005,119.0,118.0,-0.008403361344537815,-0.012403361344537815,-0.002857142857142857,-0.004217142857142858,threshold,,,,False,10000000.0,-28571.428571428572,-42171.42857142858,0.0904882955739991,0.08648860200713099,904882.9557399908,864886.0200713098,11074054.32856069
2026-04-02,2,PMUI,0.5734735709941955,0.7097386873193745,1.0,1,0.5545640392201008,0.005488705514924728,0.34,3400000.0000000005,92.0,103.0,0.11956521739130435,0.11556521739130435,0.04065217391304348,0.03929217391304348,threshold,,,,False,10000000.0,406521.7391304348,392921.7391304348,0.0904882955739991,0.08648860200713099,904882.9557399908,864886.0200713098,11074054.32856069
2026-04-02,3,BATR,0.5658899338554882,0.6140949390040914,3.0,3,0.5545640392201008,0.004370720060102435,0.3199233917170264,3199233.917170264,85.0,99.0,0.16470588235294117,0.16070588235294117,0.052693264518098464,0.05141357095123036,threshold,,,,False,10000000.0,526932.6451809846,514135.7095123036,0.0904882955739991,0.08648860200713099,904882.9557399908,864886.0200713098,11074054.32856069
2026-04-06,1,BSIM,0.5377656942176865,0.13654654932494828,3.0,3,0.5163198157336348,0.018517517779812254,0.34,3400000.0000000005,865.0,895.0,0.03468208092485549,0.030682080924855488,0.011791907514450866,0.010431907514450866,threshold,,,,False,10000000.0,117919.07514450866,104319.07514450866,0.09702114066846745,0.0930216001805842,970211.4066846746,930216.001805842,12004270.330366531
2026-04-06,2,BESS,0.5386647199748058,0.3265801980357952,2.0,2,0.5163198157336348,0.015047500988998475,0.34,3400000.0000000005,1050.0,1195.0,0.1380952380952381,0.1340952380952381,0.04695238095238096,0.04559238095238096,threshold,,,,False,10000000.0,469523.8095238096,455923.8095238096,0.09702114066846745,0.0930216001805842,970211.4066846746,930216.001805842,12004270.330366531
2026-04-06,3,AISA,0.5417177747004003,0.5619073085801299,1.0,1,0.5163198157336348,0.011126660200321695,0.319885121970812,3198851.21970812,117.0,131.0,0.11965811965811966,0.11565811965811966,0.038276852201635625,0.036997311713752375,threshold,,,,False,10000000.0,382768.52201635623,369973.1171375238,0.09702114066846745,0.0930216001805842,970211.4066846746,930216.001805842,12004270.330366531
2026-04-07,1,BSIM,0.5353931159417058,0.13654654932494828,3.0,3,0.516991752256841,0.01588872097082308,0.34,3400000.0000000005,870.0,900.0,0.034482758620689655,0.030482758620689655,0.011724137931034483,0.010364137931034483,threshold,,,,False,10000000.0,117241.37931034483,103641.37931034483,0.026169995753634226,0.022170135375313968,261699.95753634226,221701.35375313967,12225971.684119672
2026-04-07,2,GLVA,0.5357925615699232,0.4973959579210481,2.0,2,0.516991752256841,0.00944936275511069,0.34,3400000.0000000005,328.0,336.0,0.024390243902439025,0.020390243902439025,0.008292682926829269,0.006932682926829269,threshold,,,,False,10000000.0,82926.82926829268,69326.82926829268,0.026169995753634226,0.022170135375313968,261699.95753634226,221701.35375313967,12225971.684119672
2026-04-07,3,MDLN,0.5397555076422786,0.6392136888207639,1.0,1,0.516991752256841,0.00821285133409851,0.31996509458006467,3199650.9458006467,52.0,53.0,0.019230769230769232,0.015230769230769232,0.006153174895770475,0.004873314517450216,threshold,,,,False,10000000.0,61531.74895770475,48733.145174502155,0.026169995753634226,0.022170135375313968,261699.95753634226,221701.35375313967,12225971.684119672
2026-04-08,1,TAYS,0.5322407742643517,0.36963075460646294,2.0,2,0.5039556533734496,0.017830070311862907,0.34,3400000.0000000005,57.0,60.0,0.05263157894736842,0.048631578947368415,0.017894736842105262,0.016534736842105262,threshold,,,,False,10000000.0,178947.3684210526,165347.3684210526,0.03063120939533438,0.026631251312023114,306312.0939533438,266312.51312023116,12492284.197239902
2026-04-08,2,TRUS,0.5323341327667026,0.4973959579210481,1.0,1,0.5039556533734496,0.0142631384511032,0.34,3400000.0000000005,394.0,400.0,0.015228426395939087,0.011228426395939087,0.00517766497461929,0.00381766497461929,threshold,,,,False,10000000.0,51776.6497461929,38176.649746192896,0.03063120939533438,0.026631251312023114,306312.0939533438,266312.51312023116,12492284.197239902
2026-04-08,3,KMTR,0.5300164316782293,0.4973959579210481,3.0,3,0.5039556533734496,0.013098252515705738,0.319989520827816,3199895.20827816,254.0,260.0,0.023622047244094488,0.019622047244094488,0.007558807578609827,0.006278849495298563,threshold,,,,False,10000000.0,75588.07578609827,62788.49495298563,0.03063120939533438,0.026631251312023114,306312.0939533438,266312.51312023116,12492284.197239902
2026-04-09,1,BBLD,0.5454126003590214,0.4090156420381198,1.0,1,0.5067818045663146,0.02283019604910932,0.34,3400000.0000000005,675.0,705.0,0.044444444444444446,0.04044444444444445,0.015111111111111113,0.013751111111111113,threshold,,,,False,10000000.0,151111.11111111112,137511.11111111112,0.04546949538535299,0.041469495385352995,454694.95385352994,414694.9538535299,12906979.15109343
2026-04-09,2,FMII,0.5325687637022023,0.13654654932494828,2.0,2,0.5067818045663146,0.022265838848298775,0.34,3400000.0000000005,206.0,222.0,0.07766990291262135,0.07366990291262135,0.02640776699029126,0.02504776699029126,threshold,,,,False,10000000.0,264077.66990291263,250477.6699029126,0.04546949538535299,0.041469495385352995,454694.95385352994,414694.9538535299,12906979.15109343
2026-04-09,3,GLVA,0.5306427712528273,0.4973959579210481,3.0,3,0.5067818045663146,0.011992618304552508,0.31999999999999995,3199999.9999999995,324.0,328.0,0.012345679012345678,0.008345679012345678,0.0039506172839506165,0.0026706172839506166,threshold,,,,False,10000000.0,39506.172839506165,26706.172839506165,0.04546949538535299,0.041469495385352995,454694.95385352994,414694.9538535299,12906979.15109343
2026-04-10,1,MCOL,0.5193364802725878,0.4232234072197801,2.0,2,0.5008433074813123,0.010666429192247749,0.34,3400000.0000000005,3990.0,4150.0,0.040100250626566414,0.03610025062656641,0.013634085213032582,0.01227408521303258,threshold,,,,False,10000000.0,136340.85213032583,122740.8521303258,0.05945961418340406,0.0554597749409091,594596.1418340406,554597.749409091,13461576.900502522
2026-04-10,2,FOLK,0.5154188568842719,0.3494018241041773,3.0,3,0.5008433074813123,0.009482825854244948,0.34,3400000.0000000005,360.0,398.0,0.10555555555555556,0.10155555555555555,0.035888888888888894,0.03452888888888889,threshold,,,,False,10000000.0,358888.88888888893,345288.8888888889,0.05945961418340406,0.0554597749409091,594596.1418340406,554597.749409091,13461576.900502522
2026-04-10,3,PUDP,0.522720407915537,0.6275773448458165,1.0,1,0.5008433074813123,0.00814752783078868,0.3199598106237392,3199598.106237392,322.0,332.0,0.031055900621118012,0.027055900621118012,0.009936640081482583,0.008656800838987627,threshold,,,,False,10000000.0,99366.40081482583,86568.00838987627,0.05945961418340406,0.0554597749409091,594596.1418340406,554597.749409091,13461576.900502522
2026-04-13,1,KINO,0.5214616548897953,0.5229224179688161,1.0,1,0.5023558641964226,0.009114944426788146,0.34,3400000.0000000005,1130.0,1135.0,0.004424778761061947,0.00042477876106194676,0.001504424778761062,0.00014442477876106192,threshold,,,,False,10000000.0,15044.24778761062,1444.247787610619,0.008687523370310358,0.004687523370310358,86875.23370310359,46875.23370310358,13508452.134205624
2026-04-13,2,GOLD,0.5191799454370449,0.4973959579210481,2.0,2,0.5023558641964226,0.00845585123580143,0.34,3400000.0000000005,284.0,290.0,0.02112676056338028,0.01712676056338028,0.007183098591549296,0.005823098591549296,threshold,,,,False,10000000.0,71830.98591549296,58230.98591549296,0.008687523370310358,0.004687523370310358,86875.23370310359,46875.23370310358,13508452.134205624
2026-04-13,3,UNTD,0.5137351085976908,0.4948682699071018,3.0,3,0.5023558641964226,0.0057480174115625005,0.31999999999999995,3199999.9999999995,89.0,89.0,0.0,-0.004,0.0,-0.0012799999999999999,threshold,,,,False,10000000.0,0.0,-12799.999999999998,0.008687523370310358,0.004687523370310358,86875.23370310359,46875.23370310358,13508452.134205624
2026-04-14,1,SAPX,0.5259409563528769,0.4973959579210481,1.0,1,0.5011593439498238,0.012455338563008378,0.34,3400000.0000000005,244.0,250.0,0.02459016393442623,0.02059016393442623,0.008360655737704918,0.007000655737704919,threshold,,,,False,10000000.0,83606.55737704918,70006.55737704919,-0.01934304796599879,-0.023343029313771257,-193430.4796599879,-233430.29313771258,13275021.841067912
2026-04-14,2,PNSE,0.5254449454259555,0.4973959579210481,2.0,2,0.5011593439498238,0.0122060414662224,0.34,3400000.0000000005,675.0,620.0,-0.08148148148148149,-0.08548148148148149,-0.02770370370370371,-0.02906370370370371,threshold,,,,False,10000000.0,-277037.0370370371,-290637.0370370371,-0.01934304796599879,-0.023343029313771257,-193430.4796599879,-233430.29313771258,13275021.841067912
2026-04-14,3,LABS,0.5237661066964506,0.4973959579210481,3.0,3,0.5011593439498238,0.011362250334774537,0.3199953369431169,3199953.369431169,160.0,160.0,0.0,-0.004,0.0,-0.0012799813477724676,threshold,,,,False,10000000.0,0.0,-12799.813477724676,-0.01934304796599879,-0.023343029313771257,-193430.4796599879,-233430.29313771258,13275021.841067912
2026-04-15,1,TALF,0.526065470642403,0.4381783380643604,2.0,2,0.5047653514664153,0.011966868354880611,0.34,3400000.0000000005,630.0,645.0,0.023809523809523808,0.019809523809523808,0.008095238095238095,0.006735238095238095,threshold,,,,False,10000000.0,80952.38095238095,67352.38095238095,0.01218144499178982,0.00818144499178982,121814.4499178982,81814.4499178982,13356836.29098581
2026-04-15,2,JTPE,0.5264479642840502,0.47073188525975723,1.0,1,0.5047653514664153,0.011475915608632214,0.34,3400000.0000000005,600.0,615.0,0.025,0.021,0.0085,0.007140000000000001,threshold,,,,False,10000000.0,85000.0,71400.00000000001,0.01218144499178982,0.00818144499178982,121814.4499178982,81814.4499178982,13356836.29098581
2026-04-15,3,SSTM,0.5231500864737892,0.4683290972503049,3.0,3,0.5047653514664153,0.009774628658184414,0.32,3200000.0,725.0,715.0,-0.013793103448275862,-0.017793103448275862,-0.004413793103448276,-0.005693793103448276,threshold,,,,False,10000000.0,-44137.93103448276,-56937.93103448276,0.01218144499178982,0.00818144499178982,121814.4499178982,81814.4499178982,13356836.29098581
2026-04-16,1,NZIA,0.533344852142616,0.4973959579210481,1.0,1,0.5031451015991683,0.01517851669291284,0.34,3400000.0000000005,187.0,183.0,-0.0213903743315508,-0.0253903743315508,-0.007272727272727273,-0.008632727272727273,threshold,,,,False,10000000.0,-72727.27272727272,-86327.27272727274,-0.046092058701106574,-0.05009193870171876,-460920.58701106574,-500919.38701718766,12855916.903968621
2026-04-16,2,FUJI,0.5292371234061938,0.4973959579210481,2.0,2,0.5031451015991683,0.013113955626223188,0.34,3400000.0000000005,398.0,360.0,-0.09547738693467336,-0.09947738693467337,-0.03246231155778895,-0.03382231155778895,threshold,,,,False,10000000.0,-324623.1155778895,-338223.1155778895,-0.046092058701106574,-0.05009193870171876,-460920.58701106574,-500919.38701718766,12855916.903968621
2026-04-16,3,BEER,0.5260694112299799,0.4973959579210481,3.0,3,0.5031451015991683,0.011521850682315357,0.3199700001530477,3199700.0015304773,151.0,148.0,-0.019867549668874173,-0.023867549668874173,-0.006357019870590353,-0.007636899871202543,threshold,,,,False,10000000.0,-63570.198705903524,-76368.99871202544,-0.046092058701106574,-0.05009193870171876,-460920.58701106574,-500919.38701718766,12855916.903968621
2026-04-17,1,RIGS,0.5277153225538734,0.4973959579210481,1.0,1,0.5072703789278233,0.010275711306529082,0.34,3400000.0000000005,670.0,695.0,0.03731343283582089,0.03331343283582089,0.012686567164179104,0.011326567164179104,threshold,,,,False,10000000.0,126865.67164179104,113265.67164179104,0.020201052678664618,0.016201052678664618,202010.52678664617,162010.52678664617,13017927.430755267
2026-04-17,2,SPMA,0.5277153225538734,0.4973959579210481,2.0,2,0.5072703789278233,0.010275711306529082,0.34,3400000.0000000005,220.0,226.0,0.02727272727272727,0.02327272727272727,0.009272727272727273,0.007912727272727273,threshold,,,,False,10000000.0,92727.27272727272,79127.27272727272,0.020201052678664618,0.016201052678664618,202010.52678664617,162010.52678664617,13017927.430755267
2026-04-17,3,AMOR,0.5260372707802662,0.4973959579210481,3.0,3,0.5072703789278233,0.009432315702296324,0.3199999999999999,3199999.999999999,364.0,362.0,-0.005494505494505495,-0.009494505494505496,-0.0017582417582417578,-0.0030382417582417577,threshold,,,,False,10000000.0,-17582.417582417576,-30382.417582417576,0.020201052678664618,0.016201052678664618,202010.52678664617,162010.52678664617,13017927.430755267
2026-04-20,1,ROCK,0.48291680226027595,0.4973959579210481,1.0,1,0.4790660181322875,0.0019354196679004668,0.34,3400000.0000000005,2620.0,2490.0,-0.04961832061068702,-0.053618320610687026,-0.01687022900763359,-0.01823022900763359,threshold,,,,False,10000000.0,-168702.2900763359,-182302.2900763359,0.04122355064899654,0.037223550648996545,412235.5064899654,372235.5064899654,13390162.937245233
2026-04-20,2,BBLD,0.48014620049709034,0.4973959579210481,2.0,2,0.4790660181322875,0.0005429040227323082,0.32999999999999996,3299999.9999999995,670.0,695.0,0.03731343283582089,0.03331343283582089,0.012313432835820893,0.010993432835820893,threshold,,,,False,10000000.0,123134.32835820892,109934.32835820892,0.04122355064899654,0.037223550648996545,412235.5064899654,372235.5064899654,13390162.937245233
2026-04-20,3,CBUT,0.48014620049709034,0.4973959579210481,3.0,3,0.4790660181322875,0.0005429040227323082,0.32999999999999996,3299999.9999999995,865.0,985.0,0.13872832369942195,0.13472832369942195,0.04578034682080924,0.04446034682080924,threshold,,,,False,10000000.0,457803.4682080924,444603.4682080924,0.04122355064899654,0.037223550648996545,412235.5064899654,372235.5064899654,13390162.937245233
2026-04-21,1,MINE,0.5342918855422578,0.4973959579210481,1.0,1,0.5035513450013951,0.015450319931529498,0.34,3400000.0000000005,354.0,352.0,-0.005649717514124294,-0.009649717514124294,-0.00192090395480226,-0.00328090395480226,threshold,,,,False,10000000.0,-19209.0395480226,-32809.0395480226,0.01087430699728785,0.006875346812976663,108743.0699728785,68753.46812976662,13458916.405375
2026-04-21,2,WOOD,0.5238628266116074,0.4973959579210481,2.0,2,0.5035513450013951,0.010208632757905024,0.34,3400000.0000000005,308.0,310.0,0.006493506493506494,0.002493506493506494,0.002207792207792208,0.000847792207792208,threshold,,,,False,10000000.0,22077.92207792208,8477.92207792208,0.01087430699728785,0.006875346812976663,108743.0699728785,68753.46812976662,13458916.405375
2026-04-21,3,LMPI,0.5153688392510563,0.4973959579210481,3.0,3,0.5035513450013951,0.0059395203771244725,0.3197400460777966,3197400.460777966,151.0,156.0,0.033112582781456956,0.029112582781456956,0.010587418744297902,0.009308458559986715,threshold,,,,False,10000000.0,105874.18744297902,93084.58559986715,0.01087430699728785,0.006875346812976663,108743.0699728785,68753.46812976662,13458916.405375
